doi	url
10.11606/0031-1049.1940.1p5-8	https://www.revistas.usp.br/paz/article/view/207729
10.11606/0031-1049.1940.1p9-12	https://www.revistas.usp.br/paz/article/view/207735
10.11606/0031-1049.1940.1p13-16	https://www.revistas.usp.br/paz/article/view/207738
10.11606/0031-1049.1940.1p17-38	https://www.revistas.usp.br/paz/article/view/207741
10.11606/0031-1049.1940.1p39-42	https://www.revistas.usp.br/paz/article/view/207744
10.11606/0031-1049.1940.1p43-50	https://www.revistas.usp.br/paz/article/view/207746
10.11606/0031-1049.1940.1p51-56	https://www.revistas.usp.br/paz/article/view/207747
10.11606/0031-1049.1940.1p57-64	https://www.revistas.usp.br/paz/article/view/207749
10.11606/0031-1049.1940.1p65-68	https://www.revistas.usp.br/paz/article/view/207750
10.11606/0031-1049.1940.1p69-78	https://www.revistas.usp.br/paz/article/view/207751
10.11606/0031-1049.1941.1p87-100	https://www.revistas.usp.br/paz/article/view/207757
10.11606/0031-1049.1941.1p101-110	https://www.revistas.usp.br/paz/article/view/207758
10.11606/0031-1049.1941.1p111-120	https://www.revistas.usp.br/paz/article/view/207759
10.11606/0031-1049.1941.1p121-142	https://www.revistas.usp.br/paz/article/view/207760
10.11606/0031-1049.1941.1p143-158	https://www.revistas.usp.br/paz/article/view/207762
10.11606/0031-1049.1940.1p159-176	https://www.revistas.usp.br/paz/article/view/207764
10.11606/0031-1049.1941.1p177-192	https://www.revistas.usp.br/paz/article/view/207766
10.11606/0031-1049.1941.1p193-202	https://www.revistas.usp.br/paz/article/view/207768
10.11606/0031-1049.1941.1p203-208	https://www.revistas.usp.br/paz/article/view/207771
10.11606/0031-1049.1941.1p209-212	https://www.revistas.usp.br/paz/article/view/207772
10.11606/0031-1049.1941.1p213-222	https://www.revistas.usp.br/paz/article/view/207773
10.11606/0031-1049.1941.1p223-236	https://www.revistas.usp.br/paz/article/view/207774
10.11606/0031-1049.1941.1p237-240	https://www.revistas.usp.br/paz/article/view/207776
10.11606/0031-1049.1941.1p241-244	https://www.revistas.usp.br/paz/article/view/207778
10.11606/0031-1049.1941.1p245-254	https://www.revistas.usp.br/paz/article/view/207782
10.11606/0031-1049.1941.1p255-270	https://www.revistas.usp.br/paz/article/view/207783
10.11606/0031-1049.1941.1p79-86	https://www.revistas.usp.br/paz/article/view/211823
10.11606/0031-1049.1942.2p1-13	https://www.revistas.usp.br/paz/article/view/207807
10.11606/0031-1049.1942.2p15-37	https://www.revistas.usp.br/paz/article/view/207808
10.11606/0031-1049.1942.2p39-77	https://www.revistas.usp.br/paz/article/view/207809
10.11606/0031-1049.1942.2p79-95	https://www.revistas.usp.br/paz/article/view/207810
10.11606/0031-1049.1942.2p97-102	https://www.revistas.usp.br/paz/article/view/207811
10.11606/0031-1049.1942.2p103-115	https://www.revistas.usp.br/paz/article/view/207812
10.11606/0031-1049.1942.2p117-131	https://www.revistas.usp.br/paz/article/view/207813
10.11606/0031-1049.1942.2p133-133	https://www.revistas.usp.br/paz/article/view/207814
10.11606/0031-1049.1942.2p135-142	https://www.revistas.usp.br/paz/article/view/207815
10.11606/0031-1049.1942.2p143-144	https://www.revistas.usp.br/paz/article/view/207816
10.11606/0031-1049.1942.2p145-149	https://www.revistas.usp.br/paz/article/view/207817
10.11606/0031-1049.1942.2p171-177	https://www.revistas.usp.br/paz/article/view/207830
10.11606/0031-1049.1942.2p151-170	https://www.revistas.usp.br/paz/article/view/207832
10.11606/0031-1049.1942.2p179-196	https://www.revistas.usp.br/paz/article/view/207834
10.11606/0031-1049.1942.2p197-203	https://www.revistas.usp.br/paz/article/view/207836
10.11606/0031-1049.1942.2p205-234	https://www.revistas.usp.br/paz/article/view/207840
10.11606/0031-1049.1942.2p235-247	https://www.revistas.usp.br/paz/article/view/207841
10.11606/0031-1049.1942.2p249-254	https://www.revistas.usp.br/paz/article/view/207844
10.11606/0031-1049.1942.2p255-265	https://www.revistas.usp.br/paz/article/view/207846
10.11606/0031-1049.1942.2p267-290	https://www.revistas.usp.br/paz/article/view/207857
10.11606/0031-1049.1942.2p291-321	https://www.revistas.usp.br/paz/article/view/207859
10.11606/0031-1049.1943.3p1-18	https://www.revistas.usp.br/paz/article/view/207868
10.11606/0031-1049.1943.3p19-38	https://www.revistas.usp.br/paz/article/view/207869
10.11606/0031-1049.1943.3p39-60	https://www.revistas.usp.br/paz/article/view/207871
10.11606/0031-1049.1943.3p61-72	https://www.revistas.usp.br/paz/article/view/207872
10.11606/0031-1049.1943.3p73-106	https://www.revistas.usp.br/paz/article/view/207875
10.11606/0031-1049.1943.3p107-110	https://www.revistas.usp.br/paz/article/view/207876
10.11606/0031-1049.1943.3p111-126	https://www.revistas.usp.br/paz/article/view/207877
10.11606/0031-1049.1943.3p127-164	https://www.revistas.usp.br/paz/article/view/207878
10.11606/0031-1049.1943.3p165-166	https://www.revistas.usp.br/paz/article/view/207879
10.11606/0031-1049.1943.3p167-192	https://www.revistas.usp.br/paz/article/view/207881
10.11606/0031-1049.1943.3p193-198	https://www.revistas.usp.br/paz/article/view/207882
10.11606/0031-1049.1943.3p199-204	https://www.revistas.usp.br/paz/article/view/207884
10.11606/0031-1049.1943.3p205-218	https://www.revistas.usp.br/paz/article/view/207899
10.11606/0031-1049.1943.3p219-220	https://www.revistas.usp.br/paz/article/view/207900
10.11606/0031-1049.1943.3p221-228	https://www.revistas.usp.br/paz/article/view/207901
10.11606/0031-1049.1943.3p229-236	https://www.revistas.usp.br/paz/article/view/207902
10.11606/0031-1049.1943.3p257-260	https://www.revistas.usp.br/paz/article/view/207912
10.11606/0031-1049.1943.3p261-264	https://www.revistas.usp.br/paz/article/view/207913
10.11606/0031-1049.1943.3p265-284	https://www.revistas.usp.br/paz/article/view/207915
10.11606/0031-1049.1943.3p285-288	https://www.revistas.usp.br/paz/article/view/207917
10.11606/0031-1049.1943.3p237-256	https://www.revistas.usp.br/paz/article/view/210555
10.11606/0031-1049.1944.4p1-31	https://www.revistas.usp.br/paz/article/view/207921
10.11606/0031-1049.1944.4p33-36	https://www.revistas.usp.br/paz/article/view/207922
10.11606/0031-1049.1944.4p37-70	https://www.revistas.usp.br/paz/article/view/207923
10.11606/0031-1049.1944.4p71-78	https://www.revistas.usp.br/paz/article/view/207924
10.11606/0031-1049.1944.4p79-84	https://www.revistas.usp.br/paz/article/view/207927
10.11606/0031-1049.1944.4p85-94	https://www.revistas.usp.br/paz/article/view/207928
10.11606/0031-1049.1944.4p95-104	https://www.revistas.usp.br/paz/article/view/207929
10.11606/0031-1049.1944.4p105-116	https://www.revistas.usp.br/paz/article/view/207931
10.11606/0031-1049.1944.4p117-150	https://www.revistas.usp.br/paz/article/view/207943
10.11606/0031-1049.1944.4p151-168	https://www.revistas.usp.br/paz/article/view/207944
10.11606/0031-1049.1944.4p169-176	https://www.revistas.usp.br/paz/article/view/207945
10.11606/0031-1049.1944.4p177-186	https://www.revistas.usp.br/paz/article/view/207946
10.11606/0031-1049.1944.4p187-196	https://www.revistas.usp.br/paz/article/view/207948
10.11606/0031-1049.1944.4p197-212	https://www.revistas.usp.br/paz/article/view/207949
10.11606/0031-1049.1944.4p213-220	https://www.revistas.usp.br/paz/article/view/207950
10.11606/0031-1049.1944.4p221-242	https://www.revistas.usp.br/paz/article/view/207951
10.11606/0031-1049.1944.4p243-276	https://www.revistas.usp.br/paz/article/view/207952
10.11606/0031-1049.1944.4p277-302	https://www.revistas.usp.br/paz/article/view/207954
10.11606/0031-1049.1944.4p303-308	https://www.revistas.usp.br/paz/article/view/207955
10.11606/0031-1049.1944.4p309-312	https://www.revistas.usp.br/paz/article/view/207956
10.11606/0031-1049.1944.4p313-318	https://www.revistas.usp.br/paz/article/view/207958
10.11606/0031-1049.1944.4p319-320	https://www.revistas.usp.br/paz/article/view/207960
10.11606/0031-1049.1944.4p321-324	https://www.revistas.usp.br/paz/article/view/207961
10.11606/0031-1049.1944.5p1-6	https://www.revistas.usp.br/paz/article/view/207964
10.11606/0031-1049.1944.5p7-12	https://www.revistas.usp.br/paz/article/view/207967
10.11606/0031-1049.1944.5p19-28	https://www.revistas.usp.br/paz/article/view/208009
10.11606/0031-1049.1944.5p29-40	https://www.revistas.usp.br/paz/article/view/208010
10.11606/0031-1049.1944.5p41-48	https://www.revistas.usp.br/paz/article/view/208012
10.11606/0031-1049.1944.5p49-60	https://www.revistas.usp.br/paz/article/view/208013
10.11606/0031-1049.1944.5p61-64	https://www.revistas.usp.br/paz/article/view/208015
10.11606/0031-1049.1944.5p65-74	https://www.revistas.usp.br/paz/article/view/208016
10.11606/0031-1049.1944.5p75-82	https://www.revistas.usp.br/paz/article/view/208019
10.11606/0031-1049.1944.5p83-94	https://www.revistas.usp.br/paz/article/view/208022
10.11606/0031-1049.1944.6p15-20	https://www.revistas.usp.br/paz/article/view/208140
10.11606/0031-1049.1944.6p21-28	https://www.revistas.usp.br/paz/article/view/208143
10.11606/0031-1049.1944.6p29-36	https://www.revistas.usp.br/paz/article/view/208155
10.11606/0031-1049.1944.6p37-50	https://www.revistas.usp.br/paz/article/view/208156
10.11606/0031-1049.1944.6p51-74	https://www.revistas.usp.br/paz/article/view/208157
10.11606/0031-1049.1944.6p75-80	https://www.revistas.usp.br/paz/article/view/208158
10.11606/0031-1049.1944.6p81-92	https://www.revistas.usp.br/paz/article/view/208159
10.11606/0031-1049.1944.6p93-102	https://www.revistas.usp.br/paz/article/view/208160
10.11606/0031-1049.1944.6p103-126	https://www.revistas.usp.br/paz/article/view/208161
10.11606/0031-1049.1944.6p127-134	https://www.revistas.usp.br/paz/article/view/208162
10.11606/0031-1049.1944.6p135-142	https://www.revistas.usp.br/paz/article/view/208163
10.11606/0031-1049.1944.6p143-156	https://www.revistas.usp.br/paz/article/view/208164
10.11606/0031-1049.1944.6p157-162	https://www.revistas.usp.br/paz/article/view/208165
10.11606/0031-1049.1944.6p163-180	https://www.revistas.usp.br/paz/article/view/208166
10.11606/0031-1049.1944.6p181-192	https://www.revistas.usp.br/paz/article/view/208167
10.11606/0031-1049.1944.6p193-202	https://www.revistas.usp.br/paz/article/view/208168
10.11606/0031-1049.1944.6p203-208	https://www.revistas.usp.br/paz/article/view/208169
10.11606/0031-1049.1944.6p209-220	https://www.revistas.usp.br/paz/article/view/208170
10.11606/0031-1049.1944.6p221-224	https://www.revistas.usp.br/paz/article/view/208171
10.11606/0031-1049.1945.5p95-106	https://www.revistas.usp.br/paz/article/view/208023
10.11606/0031-1049.1945.5p107-118	https://www.revistas.usp.br/paz/article/view/208025
10.11606/0031-1049.1945.5p119-134	https://www.revistas.usp.br/paz/article/view/208026
10.11606/0031-1049.1945.5p135-140	https://www.revistas.usp.br/paz/article/view/208028
10.11606/0031-1049.1945.5p141-158	https://www.revistas.usp.br/paz/article/view/208029
10.11606/0031-1049.1945.5p159-166	https://www.revistas.usp.br/paz/article/view/208030
10.11606/0031-1049.1945.5p167-174	https://www.revistas.usp.br/paz/article/view/208031
10.11606/0031-1049.1945.5p175-192	https://www.revistas.usp.br/paz/article/view/208035
10.11606/0031-1049.1945.5p193-196	https://www.revistas.usp.br/paz/article/view/208036
10.11606/0031-1049.1945.5p197-202	https://www.revistas.usp.br/paz/article/view/208037
10.11606/0031-1049.1945.5p203-207	https://www.revistas.usp.br/paz/article/view/208038
10.11606/0031-1049.1945.5p209-220	https://www.revistas.usp.br/paz/article/view/208039
10.11606/0031-1049.1945.5p221-226	https://www.revistas.usp.br/paz/article/view/208040
10.11606/0031-1049.1945.5p227-242	https://www.revistas.usp.br/paz/article/view/208041
10.11606/0031-1049.1945.5p243-250	https://www.revistas.usp.br/paz/article/view/208044
10.11606/0031-1049.1945.5p251-270	https://www.revistas.usp.br/paz/article/view/208045
10.11606/0031-1049.1945.5p271-276	https://www.revistas.usp.br/paz/article/view/208046
10.11606/0031-1049.1945.5p277-280	https://www.revistas.usp.br/paz/article/view/208049
10.11606/0031-1049.1945.5p281-286	https://www.revistas.usp.br/paz/article/view/208051
10.11606/0031-1049.1945.5p287-294	https://www.revistas.usp.br/paz/article/view/208054
10.11606/0031-1049.1945.6p1-14	https://www.revistas.usp.br/paz/article/view/208139
10.11606/0031-1049.1945.6p225-240	https://www.revistas.usp.br/paz/article/view/208173
10.11606/0031-1049.1945.6p241-282	https://www.revistas.usp.br/paz/article/view/208174
10.11606/0031-1049.1945.6p283-320	https://www.revistas.usp.br/paz/article/view/208175
10.11606/0031-1049.1945.7p1-44	https://www.revistas.usp.br/paz/article/view/208178
10.11606/0031-1049.1946.7p43-50	https://www.revistas.usp.br/paz/article/view/208179
10.11606/0031-1049.1946.7p51-72	https://www.revistas.usp.br/paz/article/view/208181
10.11606/0031-1049.1946.7p73-78	https://www.revistas.usp.br/paz/article/view/208184
10.11606/0031-1049.1946.7p79-86	https://www.revistas.usp.br/paz/article/view/208219
10.11606/0031-1049.1946.7p87-92	https://www.revistas.usp.br/paz/article/view/208220
10.11606/0031-1049.1946.7p93-100	https://www.revistas.usp.br/paz/article/view/208221
10.11606/0031-1049.1946.7p101-112	https://www.revistas.usp.br/paz/article/view/208222
10.11606/0031-1049.1946.7p113-128	https://www.revistas.usp.br/paz/article/view/208223
10.11606/0031-1049.1946.7p129-142	https://www.revistas.usp.br/paz/article/view/208224
10.11606/0031-1049.1946.7p143-164	https://www.revistas.usp.br/paz/article/view/208225
10.11606/0031-1049.1946.7p165-170	https://www.revistas.usp.br/paz/article/view/208226
10.11606/0031-1049.1946.7p171-179	https://www.revistas.usp.br/paz/article/view/208227
10.11606/0031-1049.1946.7p181-194	https://www.revistas.usp.br/paz/article/view/208233
10.11606/0031-1049.1946.7p195-212	https://www.revistas.usp.br/paz/article/view/208234
10.11606/0031-1049.1946.7p213-216	https://www.revistas.usp.br/paz/article/view/208235
10.11606/0031-1049.1946.7p221-226	https://www.revistas.usp.br/paz/article/view/208237
10.11606/0031-1049.1946.7p227-232	https://www.revistas.usp.br/paz/article/view/208239
10.11606/0031-1049.1946.7p233-242	https://www.revistas.usp.br/paz/article/view/208240
10.11606/0031-1049.1946.7p243-246	https://www.revistas.usp.br/paz/article/view/208243
10.11606/0031-1049.1946.7p247-256	https://www.revistas.usp.br/paz/article/view/208244
10.11606/0031-1049.1946.7p257-266	https://www.revistas.usp.br/paz/article/view/208245
10.11606/0031-1049.1946.7p267-270	https://www.revistas.usp.br/paz/article/view/208246
10.11606/0031-1049.1946.7p271-292	https://www.revistas.usp.br/paz/article/view/208247
10.11606/0031-1049.1946.7p217-220	https://www.revistas.usp.br/paz/article/view/213668
10.11606/0031-1049.1947.8p1-22	https://www.revistas.usp.br/paz/article/view/208250
10.11606/0031-1049.1947.8p23-37	https://www.revistas.usp.br/paz/article/view/208251
10.11606/0031-1049.1947.8p39-48	https://www.revistas.usp.br/paz/article/view/208337
10.11606/0031-1049.1947.8p49-62	https://www.revistas.usp.br/paz/article/view/208338
10.11606/0031-1049.1947.8p63-84	https://www.revistas.usp.br/paz/article/view/208340
10.11606/0031-1049.1947.8p85-88	https://www.revistas.usp.br/paz/article/view/208342
10.11606/0031-1049.1947.8p89-96	https://www.revistas.usp.br/paz/article/view/208343
10.11606/0031-1049.1947.8p97-107	https://www.revistas.usp.br/paz/article/view/208346
10.11606/0031-1049.1947.8p109-121	https://www.revistas.usp.br/paz/article/view/208348
10.11606/0031-1049.1947.8p123-126	https://www.revistas.usp.br/paz/article/view/208349
10.11606/0031-1049.1947.8p127-135	https://www.revistas.usp.br/paz/article/view/208350
10.11606/0031-1049.1947.8p137-144	https://www.revistas.usp.br/paz/article/view/208352
10.11606/0031-1049.1947.8p145-180	https://www.revistas.usp.br/paz/article/view/208353
10.11606/0031-1049.1947.8p181-187	https://www.revistas.usp.br/paz/article/view/208354
10.11606/0031-1049.1947.8p189-195	https://www.revistas.usp.br/paz/article/view/208355
10.11606/0031-1049.1947.8p197-202	https://www.revistas.usp.br/paz/article/view/208414
10.11606/0031-1049.1947.8p203-208	https://www.revistas.usp.br/paz/article/view/208416
10.11606/0031-1049.1947.8p209-230	https://www.revistas.usp.br/paz/article/view/208417
10.11606/0031-1049.1947.8p231-237	https://www.revistas.usp.br/paz/article/view/208418
10.11606/0031-1049.1947.8p239-247	https://www.revistas.usp.br/paz/article/view/208420
10.11606/0031-1049.1947.8p249-259	https://www.revistas.usp.br/paz/article/view/208422
10.11606/0031-1049.1947.8p261-263	https://www.revistas.usp.br/paz/article/view/208423
10.11606/0031-1049.1947.8p265-271	https://www.revistas.usp.br/paz/article/view/208424
10.11606/0031-1049.1947.8p273-283	https://www.revistas.usp.br/paz/article/view/208425
10.11606/0031-1049.1947.8p285-286	https://www.revistas.usp.br/paz/article/view/208426
10.11606/0031-1049.1948.8p287-336	https://www.revistas.usp.br/paz/article/view/208427
10.11606/0031-1049.1948.8p337-340	https://www.revistas.usp.br/paz/article/view/208428
10.11606/0031-1049.1948.9p1-12	https://www.revistas.usp.br/paz/article/view/208454
10.11606/0031-1049.1949.9p13-32	https://www.revistas.usp.br/paz/article/view/208455
10.11606/0031-1049.1949.9p33-46	https://www.revistas.usp.br/paz/article/view/208458
10.11606/0031-1049.1949.9p47-60	https://www.revistas.usp.br/paz/article/view/208459
10.11606/0031-1049.1950.9p61-68	https://www.revistas.usp.br/paz/article/view/208461
10.11606/0031-1049.1950.9p69-78	https://www.revistas.usp.br/paz/article/view/208462
10.11606/0031-1049.1950.9p79-82	https://www.revistas.usp.br/paz/article/view/208463
10.11606/0031-1049.1950.9p83-88	https://www.revistas.usp.br/paz/article/view/208464
10.11606/0031-1049.1950.9p89-136	https://www.revistas.usp.br/paz/article/view/208465
10.11606/0031-1049.1950.9p137-143	https://www.revistas.usp.br/paz/article/view/208471
10.11606/0031-1049.1950.9p145-157	https://www.revistas.usp.br/paz/article/view/208473
10.11606/0031-1049.1950.9p159-191	https://www.revistas.usp.br/paz/article/view/208474
10.11606/0031-1049.1950.9p193-213	https://www.revistas.usp.br/paz/article/view/208475
10.11606/0031-1049.1950.9p215-222	https://www.revistas.usp.br/paz/article/view/208476
10.11606/0031-1049.1950.9p223-248	https://www.revistas.usp.br/paz/article/view/208480
10.11606/0031-1049.1950.9p249-258	https://www.revistas.usp.br/paz/article/view/208481
10.11606/0031-1049.1950.9p259-268	https://www.revistas.usp.br/paz/article/view/208491
10.11606/0031-1049.1950.9p269-284	https://www.revistas.usp.br/paz/article/view/208492
10.11606/0031-1049.1950.9p285-294	https://www.revistas.usp.br/paz/article/view/208493
10.11606/0031-1049.1950.9p295-319	https://www.revistas.usp.br/paz/article/view/208494
10.11606/0031-1049.1950.9p321-340	https://www.revistas.usp.br/paz/article/view/208495
10.11606/0031-1049.1950.9p341-350	https://www.revistas.usp.br/paz/article/view/208496
10.11606/0031-1049.1950.9p351-359	https://www.revistas.usp.br/paz/article/view/208497
10.11606/0031-1049.1950.9p361-365	https://www.revistas.usp.br/paz/article/view/208498
10.11606/0031-1049.1951.9p367-374	https://www.revistas.usp.br/paz/article/view/208499
10.11606/0031-1049.1951.10p1-76	https://www.revistas.usp.br/paz/article/view/208517
10.11606/0031-1049.1951.10p77-91	https://www.revistas.usp.br/paz/article/view/208518
10.11606/0031-1049.1951.10p105-125	https://www.revistas.usp.br/paz/article/view/208520
10.11606/0031-1049.1951.10p127-131	https://www.revistas.usp.br/paz/article/view/208521
10.11606/0031-1049.1951.10p133-138	https://www.revistas.usp.br/paz/article/view/208522
10.11606/0031-1049.1951.10p139-146	https://www.revistas.usp.br/paz/article/view/208523
10.11606/0031-1049.1951.10p147-154	https://www.revistas.usp.br/paz/article/view/208524
10.11606/0031-1049.1951.10p155-208	https://www.revistas.usp.br/paz/article/view/208529
10.11606/0031-1049.1952.10p209-212	https://www.revistas.usp.br/paz/article/view/208533
10.11606/0031-1049.1952.10p213-234	https://www.revistas.usp.br/paz/article/view/208534
10.11606/0031-1049.1952.10p235-252	https://www.revistas.usp.br/paz/article/view/208535
10.11606/0031-1049.1952.10p253-259	https://www.revistas.usp.br/paz/article/view/208537
10.11606/0031-1049.1952.10p261-266	https://www.revistas.usp.br/paz/article/view/208539
10.11606/0031-1049.1952.10p267-270	https://www.revistas.usp.br/paz/article/view/208541
10.11606/0031-1049.1952.10p271-292	https://www.revistas.usp.br/paz/article/view/208542
10.11606/0031-1049.1952.10p293-306	https://www.revistas.usp.br/paz/article/view/208543
10.11606/0031-1049.1952.10p307-324	https://www.revistas.usp.br/paz/article/view/208546
10.11606/0031-1049.1952.10p325-334	https://www.revistas.usp.br/paz/article/view/208547
10.11606/0031-1049.1952.10p335-337	https://www.revistas.usp.br/paz/article/view/208548
10.11606/0031-1049.1952.11p1-20	https://www.revistas.usp.br/paz/article/view/208734
10.11606/0031-1049.1952.11p21-32	https://www.revistas.usp.br/paz/article/view/208735
10.11606/0031-1049.1952.11p33-36	https://www.revistas.usp.br/paz/article/view/208738
10.11606/0031-1049.1952.11p37-40	https://www.revistas.usp.br/paz/article/view/208740
10.11606/0031-1049.1953.11p41-44	https://www.revistas.usp.br/paz/article/view/208742
10.11606/0031-1049.1953.11p45-47	https://www.revistas.usp.br/paz/article/view/208744
10.11606/0031-1049.1953.11p49-56	https://www.revistas.usp.br/paz/article/view/208745
10.11606/0031-1049.1953.11p57-61	https://www.revistas.usp.br/paz/article/view/208747
10.11606/0031-1049.1953.11p63-78	https://www.revistas.usp.br/paz/article/view/208748
10.11606/0031-1049.1953.11p79-88	https://www.revistas.usp.br/paz/article/view/208749
10.11606/0031-1049.1953.11p89-107	https://www.revistas.usp.br/paz/article/view/208750
10.11606/0031-1049.1953.11p109-111	https://www.revistas.usp.br/paz/article/view/208751
10.11606/0031-1049.1953.11p113-224	https://www.revistas.usp.br/paz/article/view/208752
10.11606/0031-1049.1953.11p225-262	https://www.revistas.usp.br/paz/article/view/208753
10.11606/0031-1049.1953.11p263-270	https://www.revistas.usp.br/paz/article/view/208754
10.11606/0031-1049.1953.11p271-277	https://www.revistas.usp.br/paz/article/view/208757
10.11606/0031-1049.1953.11p279-287	https://www.revistas.usp.br/paz/article/view/208765
10.11606/0031-1049.1953.11p289-299	https://www.revistas.usp.br/paz/article/view/208767
10.11606/0031-1049.1953.11p301-340	https://www.revistas.usp.br/paz/article/view/208768
10.11606/0031-1049.1953.11p341-344	https://www.revistas.usp.br/paz/article/view/208771
10.11606/0031-1049.1953.11p345-351	https://www.revistas.usp.br/paz/article/view/208773
10.11606/0031-1049.1953.11p353-369	https://www.revistas.usp.br/paz/article/view/208774
10.11606/0031-1049.1954.12p1-98	https://www.revistas.usp.br/paz/article/view/208557
10.11606/0031-1049.1954.11p371-418	https://www.revistas.usp.br/paz/article/view/208777
10.11606/0031-1049.1954.11p419-489	https://www.revistas.usp.br/paz/article/view/208781
10.11606/0031-1049.1954.11p491-507	https://www.revistas.usp.br/paz/article/view/208783
10.11606/0031-1049.1954.11.p509-515	https://www.revistas.usp.br/paz/article/view/208785
10.11606/0031-1049.1955.12p99-118	https://www.revistas.usp.br/paz/article/view/208559
10.11606/0031-1049.1955.12p119-132	https://www.revistas.usp.br/paz/article/view/208560
10.11606/0031-1049.1955.12p141-164	https://www.revistas.usp.br/paz/article/view/208599
10.11606/0031-1049.1955.12p165-188	https://www.revistas.usp.br/paz/article/view/208600
10.11606/0031-1049.1955.12p189-200	https://www.revistas.usp.br/paz/article/view/208601
10.11606/0031-1049.1955.12p201-214	https://www.revistas.usp.br/paz/article/view/208602
10.11606/0031-1049.1955.12p215-234	https://www.revistas.usp.br/paz/article/view/208603
10.11606/0031-1049.1955.12p247-264	https://www.revistas.usp.br/paz/article/view/208605
10.11606/0031-1049.1955.12p265-280	https://www.revistas.usp.br/paz/article/view/208606
10.11606/0031-1049.1955.12p281-296	https://www.revistas.usp.br/paz/article/view/208607
10.11606/0031-1049.1955.12p297-302	https://www.revistas.usp.br/paz/article/view/208608
10.11606/0031-1049.1956.12p313-344	https://www.revistas.usp.br/paz/article/view/208610
10.11606/0031-1049.1956.12p345-356	https://www.revistas.usp.br/paz/article/view/208611
10.11606/0031-1049.1956.12p357-362	https://www.revistas.usp.br/paz/article/view/208613
10.11606/0031-1049.1956.12p363-388	https://www.revistas.usp.br/paz/article/view/208614
10.11606/0031-1049.1956.12p389-398	https://www.revistas.usp.br/paz/article/view/208615
10.11606/0031-1049.1957.13p1-17	https://www.revistas.usp.br/paz/article/view/208617
10.11606/0031-1049.1957.13p19-44	https://www.revistas.usp.br/paz/article/view/208619
10.11606/0031-1049.1957.13p45-49	https://www.revistas.usp.br/paz/article/view/208620
10.11606/0031-1049.1957.13p51-69	https://www.revistas.usp.br/paz/article/view/208621
10.11606/0031-1049.1957.13p71-73	https://www.revistas.usp.br/paz/article/view/208623
10.11606/0031-1049.1957.13.p75-84	https://www.revistas.usp.br/paz/article/view/208625
10.11606/0031-1049.1957.13.p85-97	https://www.revistas.usp.br/paz/article/view/208627
10.11606/0031-1049.1957.13.p99-108	https://www.revistas.usp.br/paz/article/view/208628
10.11606/0031-1049.1957.13.p109-123	https://www.revistas.usp.br/paz/article/view/208630
10.11606/0031-1049.1957.13.p125-132	https://www.revistas.usp.br/paz/article/view/208634
10.11606/0031-1049.1958.13.p133-140	https://www.revistas.usp.br/paz/article/view/208644
10.11606/0031-1049.1958.13.p141-154	https://www.revistas.usp.br/paz/article/view/208645
10.11606/0031-1049.1958.13.p155-160	https://www.revistas.usp.br/paz/article/view/208646
10.11606/0031-1049.1958.13.p161-177	https://www.revistas.usp.br/paz/article/view/208647
10.11606/0031-1049.1958.13.p179-211	https://www.revistas.usp.br/paz/article/view/208648
10.11606/0031-1049.1958.13.p213-220	https://www.revistas.usp.br/paz/article/view/208649
10.11606/0031-1049.1958.13.p221-225	https://www.revistas.usp.br/paz/article/view/208650
10.11606/0031-1049.1958.13.p227-240	https://www.revistas.usp.br/paz/article/view/208651
10.11606/0031-1049.1959.13.p241-243	https://www.revistas.usp.br/paz/article/view/208652
10.11606/0031-1049.1959.13.p245-249	https://www.revistas.usp.br/paz/article/view/208653
10.11606/0031-1049.1959.13.p251-264	https://www.revistas.usp.br/paz/article/view/208661
10.11606/0031-1049.1959.13.p265-273	https://www.revistas.usp.br/paz/article/view/208664
10.11606/0031-1049.1959.13.p275-295	https://www.revistas.usp.br/paz/article/view/208665
10.11606/0031-1049.1959.13.p297-302	https://www.revistas.usp.br/paz/article/view/208667
10.11606/0031-1049.1959.13.p303-309	https://www.revistas.usp.br/paz/article/view/208669
10.11606/0031-1049.1959.13.p311-316	https://www.revistas.usp.br/paz/article/view/208670
10.11606/0031-1049.1959.13.p317-320	https://www.revistas.usp.br/paz/article/view/208671
10.11606/0031-1049.1959.13.p321-327	https://www.revistas.usp.br/paz/article/view/208673
10.11606/0031-1049.1959.13.p329-337	https://www.revistas.usp.br/paz/article/view/208675
10.11606/0031-1049.1959.13.p339-349	https://www.revistas.usp.br/paz/article/view/208676
10.11606/0031-1049.1959.13.p351-360	https://www.revistas.usp.br/paz/article/view/208680
10.11606/0031-1049.1960.14.p1-10	https://www.revistas.usp.br/paz/article/view/208844
10.11606/0031-1049.1960.14.p11-15	https://www.revistas.usp.br/paz/article/view/208846
10.11606/0031-1049.1960.14.p17-29	https://www.revistas.usp.br/paz/article/view/208850
10.11606/0031-1049.1960.14.p31-46	https://www.revistas.usp.br/paz/article/view/208851
10.11606/0031-1049.1960.14.p47-51	https://www.revistas.usp.br/paz/article/view/208853
10.11606/0031-1049.1960.14.p53-56	https://www.revistas.usp.br/paz/article/view/208856
10.11606/0031-1049.1960.14.p57-69	https://www.revistas.usp.br/paz/article/view/208908
10.11606/0031-1049.1960.14.p71-74	https://www.revistas.usp.br/paz/article/view/208909
10.11606/0031-1049.1960.14.p75-84	https://www.revistas.usp.br/paz/article/view/208910
10.11606/0031-1049.1960.14.p85-92	https://www.revistas.usp.br/paz/article/view/208911
10.11606/0031-1049.1960.14.p93-98	https://www.revistas.usp.br/paz/article/view/208913
10.11606/0031-1049.1960.14.p99-104	https://www.revistas.usp.br/paz/article/view/208915
10.11606/0031-1049.1960.14.p105-113	https://www.revistas.usp.br/paz/article/view/208916
10.11606/0031-1049.1960.14.p115-119	https://www.revistas.usp.br/paz/article/view/208917
10.11606/0031-1049.1960.14.p121-132	https://www.revistas.usp.br/paz/article/view/208918
10.11606/0031-1049.1960.14.p133-151	https://www.revistas.usp.br/paz/article/view/208920
10.11606/0031-1049.1960.14.p153-155	https://www.revistas.usp.br/paz/article/view/208922
10.11606/0031-1049.1960.14.p157-171	https://www.revistas.usp.br/paz/article/view/208924
10.11606/0031-1049.1960.14.p173-182	https://www.revistas.usp.br/paz/article/view/208925
10.11606/0031-1049.1961.14.p183-185	https://www.revistas.usp.br/paz/article/view/208926
10.11606/0031-1049.1961.14.p187-191	https://www.revistas.usp.br/paz/article/view/208979
10.11606/0031-1049.1961.14.p193-209	https://www.revistas.usp.br/paz/article/view/208980
10.11606/0031-1049.1961.14.p211-225	https://www.revistas.usp.br/paz/article/view/208984
10.11606/0031-1049.1961.14.p227-235	https://www.revistas.usp.br/paz/article/view/208986
10.11606/0031-1049.1961.14.p237-241	https://www.revistas.usp.br/paz/article/view/208987
10.11606/0031-1049.1961.14.p243-247	https://www.revistas.usp.br/paz/article/view/208988
10.11606/0031-1049.1961.14.p249-254	https://www.revistas.usp.br/paz/article/view/208990
10.11606/0031-1049.1961.14.p255-261	https://www.revistas.usp.br/paz/article/view/208991
10.11606/0031-1049.1961.14.p263-266	https://www.revistas.usp.br/paz/article/view/208992
10.11606/0031-1049.1962.14.p267-310	https://www.revistas.usp.br/paz/article/view/208993
10.11606/0031-1049.1962.14.p311-328	https://www.revistas.usp.br/paz/article/view/208995
10.11606/0031-1049.1962.15.p1-14	https://www.revistas.usp.br/paz/article/view/209032
10.11606/0031-1049.1962.15.p15-21	https://www.revistas.usp.br/paz/article/view/209033
10.11606/0031-1049.1962.15.p23-27	https://www.revistas.usp.br/paz/article/view/209034
10.11606/0031-1049.1962.15.p29-47	https://www.revistas.usp.br/paz/article/view/209035
10.11606/0031-1049.1962.15.p49-62	https://www.revistas.usp.br/paz/article/view/209036
10.11606/0031-1049.1962.15.p63-65	https://www.revistas.usp.br/paz/article/view/209037
10.11606/0031-1049.1962.15.p67-77	https://www.revistas.usp.br/paz/article/view/209038
10.11606/0031-1049.1962.15.p79-80	https://www.revistas.usp.br/paz/article/view/209039
10.11606/0031-1049.1962.15.p81-90	https://www.revistas.usp.br/paz/article/view/209040
10.11606/0031-1049.1962.15.p91-110	https://www.revistas.usp.br/paz/article/view/209043
10.11606/0031-1049.1962.15.p111-122	https://www.revistas.usp.br/paz/article/view/209044
10.11606/0031-1049.1962.15.p123-126	https://www.revistas.usp.br/paz/article/view/209045
10.11606/0031-1049.1962.15.p127-162	https://www.revistas.usp.br/paz/article/view/209047
10.11606/0031-1049.1962.15.p163-171	https://www.revistas.usp.br/paz/article/view/209048
10.11606/0031-1049.1962.15.p173-176	https://www.revistas.usp.br/paz/article/view/209049
10.11606/0031-1049.1962.15.p177-200	https://www.revistas.usp.br/paz/article/view/209051
10.11606/0031-1049.1962.15.p201-221	https://www.revistas.usp.br/paz/article/view/209052
10.11606/0031-1049.1962.15.p223-237	https://www.revistas.usp.br/paz/article/view/209057
10.11606/0031-1049.1962.15.p239-272	https://www.revistas.usp.br/paz/article/view/209059
10.11606/0031-1049.1962.15.p273-282	https://www.revistas.usp.br/paz/article/view/209060
10.11606/0031-1049.1962.15.p283-297	https://www.revistas.usp.br/paz/article/view/209074
10.11606/0031-1049.1962.15.p299-301	https://www.revistas.usp.br/paz/article/view/209075
10.11606/0031-1049.1962.15.p303-309	https://www.revistas.usp.br/paz/article/view/209077
10.11606/0031-1049.1962.15.p311-315	https://www.revistas.usp.br/paz/article/view/209078
10.11606/0031-1049.1962.15.p317-326	https://www.revistas.usp.br/paz/article/view/209079
10.11606/0031-1049.1962.15.p327-331	https://www.revistas.usp.br/paz/article/view/209080
10.11606/0031-1049.1962.15.p333-340	https://www.revistas.usp.br/paz/article/view/209081
10.11606/0031-1049.1962.14.p329-337	https://www.revistas.usp.br/paz/article/view/215104
10.11606/0031-1049.1964.16p9-19	https://www.revistas.usp.br/paz/article/view/209084
10.11606/0031-1049.1964.16p21-25	https://www.revistas.usp.br/paz/article/view/209085
10.11606/0031-1049.1964.16p27-44	https://www.revistas.usp.br/paz/article/view/209086
10.11606/0031-1049.1964.16p45-55	https://www.revistas.usp.br/paz/article/view/209087
10.11606/0031-1049.1964.16p57-61	https://www.revistas.usp.br/paz/article/view/209089
10.11606/0031-1049.1964.16p63-70	https://www.revistas.usp.br/paz/article/view/209090
10.11606/0031-1049.1964.16p71-72	https://www.revistas.usp.br/paz/article/view/209091
10.11606/0031-1049.1964.16p73-87	https://www.revistas.usp.br/paz/article/view/209092
10.11606/0031-1049.1964.16p89-95	https://www.revistas.usp.br/paz/article/view/209098
10.11606/0031-1049.1964.16p99-103	https://www.revistas.usp.br/paz/article/view/209099
10.11606/0031-1049.1964.16p105-108	https://www.revistas.usp.br/paz/article/view/209101
10.11606/0031-1049.1964.16p109-113	https://www.revistas.usp.br/paz/article/view/209102
10.11606/0031-1049.1964.16p115-127	https://www.revistas.usp.br/paz/article/view/209117
10.11606/0031-1049.1964.16p129-143	https://www.revistas.usp.br/paz/article/view/209121
10.11606/0031-1049.1964.16p145-151	https://www.revistas.usp.br/paz/article/view/209122
10.11606/0031-1049.1964.16p153-171	https://www.revistas.usp.br/paz/article/view/209124
10.11606/0031-1049.1964.16p173-189	https://www.revistas.usp.br/paz/article/view/209125
10.11606/0031-1049.1964.16p191-197	https://www.revistas.usp.br/paz/article/view/209127
10.11606/0031-1049.1964.16p199-205	https://www.revistas.usp.br/paz/article/view/209128
10.11606/0031-1049.1964.16p207-212	https://www.revistas.usp.br/paz/article/view/209129
10.11606/0031-1049.1964.16p213-215	https://www.revistas.usp.br/paz/article/view/209131
10.11606/0031-1049.1964.16p217-227	https://www.revistas.usp.br/paz/article/view/209132
10.11606/0031-1049.1964.16p229-241	https://www.revistas.usp.br/paz/article/view/209133
10.11606/0031-1049.1964.16p243-255	https://www.revistas.usp.br/paz/article/view/209135
10.11606/0031-1049.1964.16p257-261	https://www.revistas.usp.br/paz/article/view/209137
10.11606/0031-1049.1964.16p263-266	https://www.revistas.usp.br/paz/article/view/209146
10.11606/0031-1049.1964.16p267-299	https://www.revistas.usp.br/paz/article/view/209147
10.11606/0031-1049.1965.17p9-16	https://www.revistas.usp.br/paz/article/view/209174
10.11606/0031-1049.1965.17p17-19	https://www.revistas.usp.br/paz/article/view/209175
10.11606/0031-1049.1965.17p21-25	https://www.revistas.usp.br/paz/article/view/209176
10.11606/0031-1049.1965.17p27-34	https://www.revistas.usp.br/paz/article/view/209177
10.11606/0031-1049.1965.17p35-52	https://www.revistas.usp.br/paz/article/view/209178
10.11606/0031-1049.1965.17p53-56	https://www.revistas.usp.br/paz/article/view/209179
10.11606/0031-1049.1965.17p57-75	https://www.revistas.usp.br/paz/article/view/209182
10.11606/0031-1049.1965.17p77-87	https://www.revistas.usp.br/paz/article/view/209184
10.11606/0031-1049.1965.17p89-107	https://www.revistas.usp.br/paz/article/view/209185
10.11606/0031-1049.1965.17p113-117	https://www.revistas.usp.br/paz/article/view/209187
10.11606/0031-1049.1965.17p119-129	https://www.revistas.usp.br/paz/article/view/209188
10.11606/0031-1049.1965.17p131-179	https://www.revistas.usp.br/paz/article/view/209189
10.11606/0031-1049.1965.17p181-199	https://www.revistas.usp.br/paz/article/view/209190
10.11606/0031-1049.1965.17p201-217	https://www.revistas.usp.br/paz/article/view/209191
10.11606/0031-1049.1965.17p219-223	https://www.revistas.usp.br/paz/article/view/209193
10.11606/0031-1049.1965.17p225-228	https://www.revistas.usp.br/paz/article/view/209194
10.11606/0031-1049.1965.17p229-242	https://www.revistas.usp.br/paz/article/view/209195
10.11606/0031-1049.1965.17p243-253	https://www.revistas.usp.br/paz/article/view/209196
10.11606/0031-1049.1965.17p259-276	https://www.revistas.usp.br/paz/article/view/209198
10.11606/0031-1049.1965.17p277-289	https://www.revistas.usp.br/paz/article/view/209199
10.11606/0031-1049.1965.17p291-299	https://www.revistas.usp.br/paz/article/view/209200
10.11606/0031-1049.1965.18p1-15	https://www.revistas.usp.br/paz/article/view/209204
10.11606/0031-1049.1965.18p17-20	https://www.revistas.usp.br/paz/article/view/209205
10.11606/0031-1049.1965.18p21-27	https://www.revistas.usp.br/paz/article/view/209206
10.11606/0031-1049.1965.18p29-38	https://www.revistas.usp.br/paz/article/view/209207
10.11606/0031-1049.1965.18p39-46	https://www.revistas.usp.br/paz/article/view/209209
10.11606/0031-1049.1965.18p47-55	https://www.revistas.usp.br/paz/article/view/209210
10.11606/0031-1049.1965.18p57-60	https://www.revistas.usp.br/paz/article/view/209212
10.11606/0031-1049.1965.18p61-63	https://www.revistas.usp.br/paz/article/view/209213
10.11606/0031-1049.1965.18p65-85	https://www.revistas.usp.br/paz/article/view/209214
10.11606/0031-1049.1965.17p255-258	https://www.revistas.usp.br/paz/article/view/255-258
10.11606/0031-1049.1966.18p87-102	https://www.revistas.usp.br/paz/article/view/209215
10.11606/0031-1049.1966.18p103-115	https://www.revistas.usp.br/paz/article/view/209259
10.11606/0031-1049.1966.18p117-123	https://www.revistas.usp.br/paz/article/view/209261
10.11606/0031-1049.1966.18p125-128	https://www.revistas.usp.br/paz/article/view/209262
10.11606/0031-1049.1966.18p129-131	https://www.revistas.usp.br/paz/article/view/209263
10.11606/0031-1049.1966.18p133-146	https://www.revistas.usp.br/paz/article/view/209276
10.11606/0031-1049.1966.18p147-188	https://www.revistas.usp.br/paz/article/view/209277
10.11606/0031-1049.1966.18p189-219	https://www.revistas.usp.br/paz/article/view/209279
10.11606/0031-1049.1966.18p221-229	https://www.revistas.usp.br/paz/article/view/209281
10.11606/0031-1049.1966.18p231-235	https://www.revistas.usp.br/paz/article/view/209282
10.11606/0031-1049.1966.18p237-243	https://www.revistas.usp.br/paz/article/view/209283
10.11606/0031-1049.1966.18p245-249	https://www.revistas.usp.br/paz/article/view/209284
10.11606/0031-1049.1966.18p251-260	https://www.revistas.usp.br/paz/article/view/209285
10.11606/0031-1049.1966.18p261-269	https://www.revistas.usp.br/paz/article/view/209286
10.11606/0031-1049.1966.18p271-275	https://www.revistas.usp.br/paz/article/view/209287
10.11606/0031-1049.1966.18p277-279	https://www.revistas.usp.br/paz/article/view/209288
10.11606/0031-1049.1966.18p281-289	https://www.revistas.usp.br/paz/article/view/209289
10.11606/0031-1049.1966.18p291-307	https://www.revistas.usp.br/paz/article/view/209291
10.11606/0031-1049.1966.19p1-36	https://www.revistas.usp.br/paz/article/view/209294
10.11606/0031-1049.1966.19p37-41	https://www.revistas.usp.br/paz/article/view/209307
10.11606/0031-1049.1966.19p43-52	https://www.revistas.usp.br/paz/article/view/209309
10.11606/0031-1049.1966.19p53-58	https://www.revistas.usp.br/paz/article/view/209310
10.11606/0031-1049.1966.19p59-61	https://www.revistas.usp.br/paz/article/view/209311
10.11606/0031-1049.1966.19p63-78	https://www.revistas.usp.br/paz/article/view/209315
10.11606/0031-1049.1966.19p79-94	https://www.revistas.usp.br/paz/article/view/209316
10.11606/0031-1049.1966.19p95-115	https://www.revistas.usp.br/paz/article/view/209318
10.11606/0031-1049.1966.19p117-127	https://www.revistas.usp.br/paz/article/view/209321
10.11606/0031-1049.1966.19p129-140	https://www.revistas.usp.br/paz/article/view/209322
10.11606/0031-1049.1966.19p141-150	https://www.revistas.usp.br/paz/article/view/209323
10.11606/0031-1049.1966.19p151-162	https://www.revistas.usp.br/paz/article/view/209325
10.11606/0031-1049.1966.19p163-168	https://www.revistas.usp.br/paz/article/view/209326
10.11606/0031-1049.1966.19p169-188	https://www.revistas.usp.br/paz/article/view/209327
10.11606/0031-1049.1966.19p189-192	https://www.revistas.usp.br/paz/article/view/209331
10.11606/0031-1049.1966.19p193-195	https://www.revistas.usp.br/paz/article/view/209332
10.11606/0031-1049.1966.19p197-204	https://www.revistas.usp.br/paz/article/view/209333
10.11606/0031-1049.1966.19p205-232	https://www.revistas.usp.br/paz/article/view/209336
10.11606/0031-1049.1966.19p233-244	https://www.revistas.usp.br/paz/article/view/209338
10.11606/0031-1049.1966.19p245-250	https://www.revistas.usp.br/paz/article/view/209339
10.11606/0031-1049.1966.19p251-257	https://www.revistas.usp.br/paz/article/view/209340
10.11606/0031-1049.1966.19p259-260	https://www.revistas.usp.br/paz/article/view/209454
10.11606/0031-1049.1966.19p261-267	https://www.revistas.usp.br/paz/article/view/209455
10.11606/0031-1049.1966.19p269-278	https://www.revistas.usp.br/paz/article/view/209456
10.11606/0031-1049.1966.19p279-293	https://www.revistas.usp.br/paz/article/view/209457
10.11606/0031-1049.1967.20p1-8	https://www.revistas.usp.br/paz/article/view/209458
10.11606/0031-1049.1967.20p9-12	https://www.revistas.usp.br/paz/article/view/209459
10.11606/0031-1049.1967.20p13-44	https://www.revistas.usp.br/paz/article/view/209461
10.11606/0031-1049.1967.20p45-53	https://www.revistas.usp.br/paz/article/view/209465
10.11606/0031-1049.1967.20p55-58	https://www.revistas.usp.br/paz/article/view/209466
10.11606/0031-1049.1967.20p59-64	https://www.revistas.usp.br/paz/article/view/209467
10.11606/0031-1049.1967.20p65-74	https://www.revistas.usp.br/paz/article/view/209468
10.11606/0031-1049.1967.20p75-84	https://www.revistas.usp.br/paz/article/view/209470
10.11606/0031-1049.1967.20p85-98	https://www.revistas.usp.br/paz/article/view/209471
10.11606/0031-1049.1967.20p99-116	https://www.revistas.usp.br/paz/article/view/209472
10.11606/0031-1049.1967.20p117-122	https://www.revistas.usp.br/paz/article/view/209473
10.11606/0031-1049.1967.20p123-134	https://www.revistas.usp.br/paz/article/view/209474
10.11606/0031-1049.1967.20p135-145	https://www.revistas.usp.br/paz/article/view/209475
10.11606/0031-1049.1967.20p147-158	https://www.revistas.usp.br/paz/article/view/209476
10.11606/0031-1049.1967.20p159-164	https://www.revistas.usp.br/paz/article/view/209477
10.11606/0031-1049.1967.20p165-190	https://www.revistas.usp.br/paz/article/view/209478
10.11606/0031-1049.1967.20p191-215	https://www.revistas.usp.br/paz/article/view/209479
10.11606/0031-1049.1967.20p217-222	https://www.revistas.usp.br/paz/article/view/209480
10.11606/0031-1049.1967.20p223-228	https://www.revistas.usp.br/paz/article/view/209481
10.11606/0031-1049.1967.20p229-258	https://www.revistas.usp.br/paz/article/view/209482
10.11606/0031-1049.1967.20p259-263	https://www.revistas.usp.br/paz/article/view/209483
10.11606/0031-1049.1967.21.p1-12	https://www.revistas.usp.br/paz/article/view/209545
10.11606/0031-1049.1967.21.p13-19	https://www.revistas.usp.br/paz/article/view/209546
10.11606/0031-1049.1967.21.p21-31	https://www.revistas.usp.br/paz/article/view/209548
10.11606/0031-1049.1967.21.p33-42	https://www.revistas.usp.br/paz/article/view/209549
10.11606/0031-1049.1967.21.p43-53	https://www.revistas.usp.br/paz/article/view/209552
10.11606/0031-1049.1967.21.p55-66	https://www.revistas.usp.br/paz/article/view/209553
10.11606/0031-1049.1967.21.p67-85	https://www.revistas.usp.br/paz/article/view/209555
10.11606/0031-1049.1967.21.p87-97	https://www.revistas.usp.br/paz/article/view/209557
10.11606/0031-1049.1967.21.p99-110	https://www.revistas.usp.br/paz/article/view/209558
10.11606/0031-1049.1967.21.p111-113	https://www.revistas.usp.br/paz/article/view/209559
10.11606/0031-1049.1967.21.p115-124	https://www.revistas.usp.br/paz/article/view/209560
10.11606/0031-1049.1967.21.p125-130	https://www.revistas.usp.br/paz/article/view/209562
10.11606/0031-1049.1967.21.p131-135	https://www.revistas.usp.br/paz/article/view/209563
10.11606/0031-1049.1967.21.p137-142	https://www.revistas.usp.br/paz/article/view/209580
10.11606/0031-1049.1967.21.p143-160	https://www.revistas.usp.br/paz/article/view/209581
10.11606/0031-1049.1967.21.p161-164	https://www.revistas.usp.br/paz/article/view/209582
10.11606/0031-1049.1967.21.p165-167	https://www.revistas.usp.br/paz/article/view/209584
10.11606/0031-1049.1967.21.p169-182	https://www.revistas.usp.br/paz/article/view/209587
10.11606/0031-1049.1967.21.p183-193	https://www.revistas.usp.br/paz/article/view/209588
10.11606/0031-1049.1967.21.p195-204	https://www.revistas.usp.br/paz/article/view/209589
10.11606/0031-1049.1967.21.p205-208	https://www.revistas.usp.br/paz/article/view/209591
10.11606/0031-1049.1967.21.p209-230	https://www.revistas.usp.br/paz/article/view/209592
10.11606/0031-1049.1967.21.p231-241	https://www.revistas.usp.br/paz/article/view/209593
10.11606/0031-1049.1967.21.p243-245	https://www.revistas.usp.br/paz/article/view/209595
10.11606/0031-1049.1967.21.p247-250	https://www.revistas.usp.br/paz/article/view/209596
10.11606/0031-1049.1967.21.p251-257	https://www.revistas.usp.br/paz/article/view/209597
10.11606/0031-1049.1967.21.p259-272	https://www.revistas.usp.br/paz/article/view/209598
10.11606/0031-1049.1967.21.p273-276	https://www.revistas.usp.br/paz/article/view/209600
10.11606/0031-1049.1968.22p1-8	https://www.revistas.usp.br/paz/article/view/209634
10.11606/0031-1049.1968.22p9-11	https://www.revistas.usp.br/paz/article/view/209635
10.11606/0031-1049.1968.22p13-30	https://www.revistas.usp.br/paz/article/view/209640
10.11606/0031-1049.1968.22p31-34	https://www.revistas.usp.br/paz/article/view/209644
10.11606/0031-1049.1968.22p35-46	https://www.revistas.usp.br/paz/article/view/209648
10.11606/0031-1049.1968.22p47-56	https://www.revistas.usp.br/paz/article/view/209700
10.11606/0031-1049.1968.22p57-59	https://www.revistas.usp.br/paz/article/view/209701
10.11606/0031-1049.1968.22p61-83	https://www.revistas.usp.br/paz/article/view/209703
10.11606/0031-1049.1968.22p85-88	https://www.revistas.usp.br/paz/article/view/209734
10.11606/0031-1049.1968.22p89-102	https://www.revistas.usp.br/paz/article/view/209735
10.11606/0031-1049.1968.22p103-106	https://www.revistas.usp.br/paz/article/view/209737
10.11606/0031-1049.1968.22p107-121	https://www.revistas.usp.br/paz/article/view/209738
10.11606/0031-1049.1968.22p123-144	https://www.revistas.usp.br/paz/article/view/209741
10.11606/0031-1049.1968.22p145-151	https://www.revistas.usp.br/paz/article/view/209742
10.11606/0031-1049.1968.22p153-157	https://www.revistas.usp.br/paz/article/view/209749
10.11606/0031-1049.1968.22p159-174	https://www.revistas.usp.br/paz/article/view/209754
10.11606/0031-1049.1968.22p175-189	https://www.revistas.usp.br/paz/article/view/209757
10.11606/0031-1049.1968.22p191-195	https://www.revistas.usp.br/paz/article/view/209768
10.11606/0031-1049.1968.22p197-215	https://www.revistas.usp.br/paz/article/view/209770
10.11606/0031-1049.1968.22p217-223	https://www.revistas.usp.br/paz/article/view/209772
10.11606/0031-1049.1968.22p225-230	https://www.revistas.usp.br/paz/article/view/209888
10.11606/0031-1049.1968.22p231-243	https://www.revistas.usp.br/paz/article/view/209889
	https://www.revistas.usp.br/paz/article/view/209890
10.11606/0031-1049.1968.22p249-262	https://www.revistas.usp.br/paz/article/view/209891
10.11606/0031-1049.1968.22p263-283	https://www.revistas.usp.br/paz/article/view/209892
10.11606/0031-1049.1970. 23.p1-12	https://www.revistas.usp.br/paz/article/view/210711
10.11606/0031-1049.1970.23.p13-16	https://www.revistas.usp.br/paz/article/view/210712
10.11606/0031-1049.1970.23.p17-43	https://www.revistas.usp.br/paz/article/view/210715
10.11606/0031-1049.1970.23.p45-48	https://www.revistas.usp.br/paz/article/view/210716
10.11606/0031-1049.1970.23.p49-51	https://www.revistas.usp.br/paz/article/view/210717
10.11606/0031-1049.1970.23.p53-62	https://www.revistas.usp.br/paz/article/view/210718
10.11606/0031-1049.1970.23.p63-68	https://www.revistas.usp.br/paz/article/view/210720
10.11606/0031-1049.1970.23.p69-76	https://www.revistas.usp.br/paz/article/view/210721
10.11606/0031-1049.1970.23.p77-82	https://www.revistas.usp.br/paz/article/view/210722
10.11606/0031-1049.1970.23.p83-109	https://www.revistas.usp.br/paz/article/view/210723
10.11606/0031-1049.1970.23.p111-114	https://www.revistas.usp.br/paz/article/view/210724
10.11606/0031-1049.1970.23.p115-119	https://www.revistas.usp.br/paz/article/view/210726
10.11606/0031-1049.1970.23.p121-125	https://www.revistas.usp.br/paz/article/view/210727
10.11606/0031-1049.1970.23.p127-136	https://www.revistas.usp.br/paz/article/view/210729
10.11606/0031-1049.1970.23.p137-144	https://www.revistas.usp.br/paz/article/view/210730
10.11606/0031-1049.1970.23.p145-151	https://www.revistas.usp.br/paz/article/view/210743
10.11606/0031-1049.1970.23.p153-156	https://www.revistas.usp.br/paz/article/view/210744
10.11606/0031-1049.1970.23.p157-160	https://www.revistas.usp.br/paz/article/view/210746
10.11606/0031-1049.1970.23.p161-163	https://www.revistas.usp.br/paz/article/view/210747
10.11606/0031-1049.1970.23.p165-171	https://www.revistas.usp.br/paz/article/view/210748
10.11606/0031-1049.1970.23.p173-196	https://www.revistas.usp.br/paz/article/view/210749
10.11606/0031-1049.1970.23.p197-203	https://www.revistas.usp.br/paz/article/view/210750
10.11606/0031-1049.1970.23.p205-207	https://www.revistas.usp.br/paz/article/view/210751
10.11606/0031-1049.1971.24.p1-52	https://www.revistas.usp.br/paz/article/view/210753
10.11606/0031-1049.1971.24.p53-56	https://www.revistas.usp.br/paz/article/view/210754
10.11606/0031-1049.1971.24.p57-63	https://www.revistas.usp.br/paz/article/view/210756
10.11606/0031-1049.1971.24.p65-72	https://www.revistas.usp.br/paz/article/view/210757
10.11606/0031-1049.1971.24.p73-91	https://www.revistas.usp.br/paz/article/view/210765
10.11606/0031-1049.1971.24.p93-111	https://www.revistas.usp.br/paz/article/view/210766
10.11606/0031-1049.1971.24.p113-116	https://www.revistas.usp.br/paz/article/view/210767
10.11606/0031-1049.1971.24.p117-122	https://www.revistas.usp.br/paz/article/view/210768
10.11606/0031-1049.1971.24.p123-146	https://www.revistas.usp.br/paz/article/view/210769
10.11606/0031-1049.1971.24.p147-154	https://www.revistas.usp.br/paz/article/view/210770
10.11606/0031-1049.1971.24.p155-159	https://www.revistas.usp.br/paz/article/view/210771
10.11606/0031-1049.1971.24.p161-184	https://www.revistas.usp.br/paz/article/view/210772
10.11606/0031-1049.1971.24.p185-189	https://www.revistas.usp.br/paz/article/view/210773
10.11606/0031-1049.1971.24.p191-195	https://www.revistas.usp.br/paz/article/view/210774
10.11606/0031-1049.1971.24.p197-205	https://www.revistas.usp.br/paz/article/view/210775
10.11606/0031-1049.1971.24.p207-211	https://www.revistas.usp.br/paz/article/view/210776
10.11606/0031-1049.1971.24.p213-220	https://www.revistas.usp.br/paz/article/view/210777
10.11606/0031-1049.1971.24.p221-257	https://www.revistas.usp.br/paz/article/view/210778
10.11606/0031-1049.1971.24.p15-18	https://www.revistas.usp.br/paz/article/view/210785
10.11606/0031-1049.1971.25.p19-29	https://www.revistas.usp.br/paz/article/view/210787
10.11606/0031-1049.1971.25.p31-33	https://www.revistas.usp.br/paz/article/view/210790
10.11606/0031-1049.1971.25.p35-40	https://www.revistas.usp.br/paz/article/view/210792
10.11606/0031-1049.1971.25.p41-44	https://www.revistas.usp.br/paz/article/view/210806
10.11606/0031-1049.1971.25.p45-55	https://www.revistas.usp.br/paz/article/view/210807
10.11606/0031-1049.1971.25.p57-68	https://www.revistas.usp.br/paz/article/view/210808
10.11606/0031-1049.1971.25.p69-88	https://www.revistas.usp.br/paz/article/view/210809
10.11606/0031-1049.1971.25.p89-94	https://www.revistas.usp.br/paz/article/view/210810
10.11606/0031-1049.1971.25.p95-97	https://www.revistas.usp.br/paz/article/view/210811
10.11606/0031-1049.1971.25.p99-103	https://www.revistas.usp.br/paz/article/view/210812
10.11606/0031-1049.1971.25.p105-109	https://www.revistas.usp.br/paz/article/view/210813
10.11606/0031-1049.1971.25.p111-119	https://www.revistas.usp.br/paz/article/view/210814
10.11606/0031-1049.1971.25.p121-137	https://www.revistas.usp.br/paz/article/view/210815
10.11606/0031-1049.1971.25.p139-142	https://www.revistas.usp.br/paz/article/view/210816
10.11606/0031-1049.1971.25.p143-148	https://www.revistas.usp.br/paz/article/view/210818
10.11606/0031-1049.1971.25.p149-166	https://www.revistas.usp.br/paz/article/view/210819
10.11606/0031-1049.1972.25.p167-188	https://www.revistas.usp.br/paz/article/view/210820
10.11606/0031-1049.1971.25.p189-198	https://www.revistas.usp.br/paz/article/view/210821
10.11606/0031-1049.1971.25.p199-227	https://www.revistas.usp.br/paz/article/view/210822
10.11606/0031-1049.1971.25.p229-236	https://www.revistas.usp.br/paz/article/view/210823
10.11606/0031-1049.1971.25.p237-249	https://www.revistas.usp.br/paz/article/view/210826
10.11606/0031-1049.1971.25.p251-263	https://www.revistas.usp.br/paz/article/view/210827
10.11606/0031-1049.1971.25.p265-268	https://www.revistas.usp.br/paz/article/view/210828
	https://www.revistas.usp.br/paz/article/view/213665
10.11606/0031-1049.1972.26.p1-28	https://www.revistas.usp.br/paz/article/view/210835
10.11606/0031-1049.1972.26.p29-45	https://www.revistas.usp.br/paz/article/view/210836
10.11606/0031-1049.1972.26.p47-50	https://www.revistas.usp.br/paz/article/view/210841
10.11606/0031-1049.1972.26.p51-53	https://www.revistas.usp.br/paz/article/view/210842
10.11606/0031-1049.1972.26.p55-65	https://www.revistas.usp.br/paz/article/view/210843
10.11606/0031-1049.1972.26.p67-71	https://www.revistas.usp.br/paz/article/view/210844
10.11606/0031-1049.1972.26.p73-82	https://www.revistas.usp.br/paz/article/view/210845
10.11606/0031-1049.1972.26.p83-115	https://www.revistas.usp.br/paz/article/view/210846
10.11606/0031-1049.1972.26.p117-135	https://www.revistas.usp.br/paz/article/view/210847
10.11606/0031-1049.1972.26.p137-147	https://www.revistas.usp.br/paz/article/view/210848
10.11606/0031-1049.1972.26.p149-172	https://www.revistas.usp.br/paz/article/view/210849
10.11606/0031-1049.1972.26.p173-177	https://www.revistas.usp.br/paz/article/view/210850
10.11606/0031-1049.1972.26.p179-185	https://www.revistas.usp.br/paz/article/view/210851
10.11606/0031-1049.1972.26.p187-191	https://www.revistas.usp.br/paz/article/view/210853
10.11606/0031-1049.1972.26.p193-199	https://www.revistas.usp.br/paz/article/view/210916
10.11606/0031-1049.1972.26.p201-213	https://www.revistas.usp.br/paz/article/view/210917
10.11606/0031-1049.1972.26.p215-226	https://www.revistas.usp.br/paz/article/view/210918
10.11606/0031-1049.1972.26.p227-236	https://www.revistas.usp.br/paz/article/view/210919
10.11606/0031-1049.1972.26.p237-245	https://www.revistas.usp.br/paz/article/view/210920
10.11606/0031-1049.1972.26.p247-251	https://www.revistas.usp.br/paz/article/view/210921
10.11606/0031-1049.1972.26.p253-257	https://www.revistas.usp.br/paz/article/view/210922
10.11606/0031-1049.1972.26.p259-273	https://www.revistas.usp.br/paz/article/view/210923
10.11606/0031-1049.1972.26.p275-280	https://www.revistas.usp.br/paz/article/view/210924
	https://www.revistas.usp.br/paz/article/view/210925
10.11606/0031-1049.1972.27.p1-25	https://www.revistas.usp.br/paz/article/view/210927
10.11606/0031-1049.1972.27.p27-30	https://www.revistas.usp.br/paz/article/view/210928
10.11606/0031-1049.1972.27.p31-43	https://www.revistas.usp.br/paz/article/view/210929
10.11606/0031-1049.1972.27.p45-68	https://www.revistas.usp.br/paz/article/view/210930
10.11606/0031-1049.1972.27.p69-80	https://www.revistas.usp.br/paz/article/view/210932
10.11606/0031-1049.1972.27.p81-80	https://www.revistas.usp.br/paz/article/view/210933
10.11606/0031-1049.1972.27.p83-94	https://www.revistas.usp.br/paz/article/view/210934
10.11606/0031-1049.1972.27.p95-110	https://www.revistas.usp.br/paz/article/view/210935
10.11606/0031-1049.1972.27.p111-113	https://www.revistas.usp.br/paz/article/view/210937
10.11606/0031-1049.1972.27.p115-144	https://www.revistas.usp.br/paz/article/view/210938
10.11606/0031-1049.1972.27.p145-155	https://www.revistas.usp.br/paz/article/view/210939
10.11606/0031-1049.1972.27.p157-171	https://www.revistas.usp.br/paz/article/view/210940
10.11606/0031-1049.1972.27.p173-175	https://www.revistas.usp.br/paz/article/view/210941
10.11606/0031-1049.1972.27.p177-178	https://www.revistas.usp.br/paz/article/view/210942
10.11606/0031-1049.1972.27.p179-213	https://www.revistas.usp.br/paz/article/view/210943
10.11606/0031-1049.1972.27.p215-217	https://www.revistas.usp.br/paz/article/view/210944
10.11606/0031-1049.1972.27.p219-225	https://www.revistas.usp.br/paz/article/view/210947
10.11606/0031-1049.1972.27.p227-234	https://www.revistas.usp.br/paz/article/view/210949
10.11606/0031-1049.1972.27.p235-262	https://www.revistas.usp.br/paz/article/view/210950
10.11606/0031-1049.1972.27.p263-278	https://www.revistas.usp.br/paz/article/view/210951
10.11606/0031-1049.1972.27.p279-286	https://www.revistas.usp.br/paz/article/view/210952
10.11606/0031-1049.1972.28.p1-9	https://www.revistas.usp.br/paz/article/view/210953
10.11606/0031-1049.1972.28.p11-30	https://www.revistas.usp.br/paz/article/view/210956
10.11606/0031-1049.1972.28.p31-60	https://www.revistas.usp.br/paz/article/view/210958
10.11606/0031-1049.1972.28.p61-90	https://www.revistas.usp.br/paz/article/view/211035
10.11606/0031-1049.1972.28.p91-104	https://www.revistas.usp.br/paz/article/view/211036
10.11606/0031-1049.1972.28.p105-126	https://www.revistas.usp.br/paz/article/view/211037
10.11606/0031-1049.1972.28.p127-145	https://www.revistas.usp.br/paz/article/view/211038
10.11606/0031-1049.1972.28.p147-162	https://www.revistas.usp.br/paz/article/view/211039
10.11606/0031-1049.1972.28.p163-180	https://www.revistas.usp.br/paz/article/view/211041
10.11606/0031-1049.1972.28.p181-184	https://www.revistas.usp.br/paz/article/view/211042
10.11606/0031-1049.1972.28.p185-195	https://www.revistas.usp.br/paz/article/view/211043
10.11606/0031-1049.1972.28.p197-240	https://www.revistas.usp.br/paz/article/view/211044
10.11606/0031-1049.1972.28.p241-244	https://www.revistas.usp.br/paz/article/view/211045
	https://www.revistas.usp.br/paz/article/view/211046
10.11606/0031-1049.1972.28.p255-267	https://www.revistas.usp.br/paz/article/view/211047
10.11606/0031-1049.1972.28.p269-293	https://www.revistas.usp.br/paz/article/view/211048
10.11606/0031-1049.1975.29.p1-6	https://www.revistas.usp.br/paz/article/view/211052
10.11606/0031-1049.1975.29.p7-20	https://www.revistas.usp.br/paz/article/view/211053
10.11606/0031-1049.1975.29.p21-26	https://www.revistas.usp.br/paz/article/view/211054
10.11606/0031-1049.1975.29.p27-30	https://www.revistas.usp.br/paz/article/view/211056
10.11606/0031-1049.1975.29.p31-34	https://www.revistas.usp.br/paz/article/view/211057
10.11606/0031-1049.1975.29.p35-36	https://www.revistas.usp.br/paz/article/view/211058
10.11606/0031-1049.1975.29.p37-44	https://www.revistas.usp.br/paz/article/view/211062
10.11606/0031-1049.1975.29.p45-54	https://www.revistas.usp.br/paz/article/view/211063
10.11606/0031-1049.1975.29.p55-64	https://www.revistas.usp.br/paz/article/view/211064
10.11606/0031-1049.1975.29.p65-70	https://www.revistas.usp.br/paz/article/view/211065
10.11606/0031-1049.1975.29.p71-78	https://www.revistas.usp.br/paz/article/view/211066
10.11606/0031-1049.1975.29.p79-80	https://www.revistas.usp.br/paz/article/view/211067
10.11606/0031-1049.1975.29.p81-92	https://www.revistas.usp.br/paz/article/view/211068
10.11606/0031-1049.1975.29.p93-94	https://www.revistas.usp.br/paz/article/view/211069
10.11606/0031-1049.1975.29.p95-109	https://www.revistas.usp.br/paz/article/view/211071
10.11606/0031-1049.1975.29.p111-119	https://www.revistas.usp.br/paz/article/view/211072
10.11606/0031-1049.1975.29.p121-140	https://www.revistas.usp.br/paz/article/view/211073
10.11606/0031-1049.1975.29.p141-154	https://www.revistas.usp.br/paz/article/view/211074
10.11606/0031-1049.1975.29.p155-176	https://www.revistas.usp.br/paz/article/view/211075
10.11606/0031-1049.1975.29.p177-179	https://www.revistas.usp.br/paz/article/view/211076
10.11606/0031-1049.1975.29.p181-183	https://www.revistas.usp.br/paz/article/view/211080
10.11606/0031-1049.1975.29.p185-220	https://www.revistas.usp.br/paz/article/view/211081
10.11606/0031-1049.1975.29.p221-245	https://www.revistas.usp.br/paz/article/view/211082
10.11606/0031-1049.1975.29.p247-247	https://www.revistas.usp.br/paz/article/view/211083
10.11606/0031-1049.1975.29.p249-257	https://www.revistas.usp.br/paz/article/view/211084
10.11606/0031-1049.1975.29.p259-268	https://www.revistas.usp.br/paz/article/view/211085
10.11606/0031-1049.1975.29.p269-280	https://www.revistas.usp.br/paz/article/view/211086
10.11606/0031-1049.1975.29.p281-318	https://www.revistas.usp.br/paz/article/view/211087
10.11606/0031-1049.1976.30.p1-24	https://www.revistas.usp.br/paz/article/view/211088
10.11606/0031-1049.1976.30.p25-33	https://www.revistas.usp.br/paz/article/view/211089
10.11606/0031-1049.1976.30.p35-42	https://www.revistas.usp.br/paz/article/view/211090
10.11606/0031-1049.1976.30.p43-98	https://www.revistas.usp.br/paz/article/view/211091
10.11606/0031-1049.1976.30.p99-105	https://www.revistas.usp.br/paz/article/view/211092
10.11606/0031-1049.1976.30.p107-111	https://www.revistas.usp.br/paz/article/view/211093
10.11606/0031-1049.1976.30.p113-118	https://www.revistas.usp.br/paz/article/view/211094
10.11606/0031-1049.1976.30.p119-122	https://www.revistas.usp.br/paz/article/view/211095
10.11606/0031-1049.1976.30.p123-132	https://www.revistas.usp.br/paz/article/view/211096
10.11606/0031-1049.1976.30.p133-135	https://www.revistas.usp.br/paz/article/view/211097
10.11606/0031-1049.1976.30.p137-170	https://www.revistas.usp.br/paz/article/view/211098
10.11606/0031-1049.1976.30.p171-183	https://www.revistas.usp.br/paz/article/view/211099
10.11606/0031-1049.1976.30.p185-193	https://www.revistas.usp.br/paz/article/view/211100
10.11606/0031-1049.1976.30.p195-213	https://www.revistas.usp.br/paz/article/view/211101
10.11606/0031-1049.1976.30.p215-238	https://www.revistas.usp.br/paz/article/view/211102
10.11606/0031-1049.1976.30.p239-259	https://www.revistas.usp.br/paz/article/view/211103
10.11606/0031-1049.1976.30.p261-265	https://www.revistas.usp.br/paz/article/view/211104
10.11606/0031-1049.1976.30.p267-288	https://www.revistas.usp.br/paz/article/view/211105
10.11606/0031-1049.1976.30.p289-294	https://www.revistas.usp.br/paz/article/view/211106
10.11606/0031-1049.1976.30.p295-299	https://www.revistas.usp.br/paz/article/view/211107
10.11606/0031-1049.1977.31.p1-6	https://www.revistas.usp.br/paz/article/view/211109
10.11606/0031-1049.1977.31.p7-18	https://www.revistas.usp.br/paz/article/view/211110
10.11606/0031-1049.1977.31.p19-47	https://www.revistas.usp.br/paz/article/view/211111
10.11606/0031-1049.1977.31.p49-77	https://www.revistas.usp.br/paz/article/view/211112
10.11606/0031-1049.1977.31.p79-102	https://www.revistas.usp.br/paz/article/view/211113
10.11606/0031-1049.1977.31.p103-118	https://www.revistas.usp.br/paz/article/view/211114
10.11606/0031-1049.1977.31.p119-140	https://www.revistas.usp.br/paz/article/view/211115
10.11606/0031-1049.1977.31.p141-162	https://www.revistas.usp.br/paz/article/view/211116
10.11606/0031-1049.1977.31.p163-168	https://www.revistas.usp.br/paz/article/view/211117
10.11606/0031-1049.1977.31.p169-172	https://www.revistas.usp.br/paz/article/view/211118
10.11606/0031-1049.1977.31.p173-193	https://www.revistas.usp.br/paz/article/view/211127
10.11606/0031-1049.1977.31.p195-201	https://www.revistas.usp.br/paz/article/view/211128
10.11606/0031-1049.1977.31.p203-211	https://www.revistas.usp.br/paz/article/view/211129
10.11606/0031-1049.1977.31.p213-220	https://www.revistas.usp.br/paz/article/view/211130
10.11606/0031-1049.1977.31.p221-236	https://www.revistas.usp.br/paz/article/view/211131
10.11606/0031-1049.1977.31.p237-250	https://www.revistas.usp.br/paz/article/view/211132
10.11606/0031-1049.1977.31.p251-281	https://www.revistas.usp.br/paz/article/view/211133
10.11606/0031-1049.1977.31.p283-297	https://www.revistas.usp.br/paz/article/view/211136
10.11606/0031-1049.1977.31.p299-305	https://www.revistas.usp.br/paz/article/view/211138
10.11606/0031-1049.1977.31.p307-343	https://www.revistas.usp.br/paz/article/view/211139
10.11606/0031-1049.1978.32.p1-13	https://www.revistas.usp.br/paz/article/view/211142
10.11606/0031-1049.1978.32.p15-33	https://www.revistas.usp.br/paz/article/view/211146
10.11606/0031-1049.1978.32.p35-40	https://www.revistas.usp.br/paz/article/view/211149
10.11606/0031-1049.1978.32.p41-57	https://www.revistas.usp.br/paz/article/view/211150
10.11606/0031-1049.1978.32.p59-70	https://www.revistas.usp.br/paz/article/view/211151
10.11606/0031-1049.1978.32.p71-86	https://www.revistas.usp.br/paz/article/view/211152
10.11606/0031-1049.1978.32.p87-93	https://www.revistas.usp.br/paz/article/view/211155
10.11606/0031-1049.1978.32.p95-99	https://www.revistas.usp.br/paz/article/view/211156
10.11606/0031-1049.1978.32.p101-105	https://www.revistas.usp.br/paz/article/view/211157
10.11606/0031-1049.1978.32.p107-115	https://www.revistas.usp.br/paz/article/view/211158
10.11606/0031-1049.1978.32.p117-139	https://www.revistas.usp.br/paz/article/view/211163
10.11606/0031-1049.1978.32.p141-144	https://www.revistas.usp.br/paz/article/view/211164
10.11606/0031-1049.1978.32.p145-182	https://www.revistas.usp.br/paz/article/view/211165
10.11606/0031-1049.1978.32.p183-191	https://www.revistas.usp.br/paz/article/view/211166
10.11606/0031-1049.1978.32.p193-200	https://www.revistas.usp.br/paz/article/view/211167
10.11606/0031-1049.1978.32.p201-204	https://www.revistas.usp.br/paz/article/view/211168
10.11606/0031-1049.1978.32.p205-216	https://www.revistas.usp.br/paz/article/view/211169
10.11606/0031-1049.1978.32.p217-221	https://www.revistas.usp.br/paz/article/view/211170
10.11606/0031-1049.1978.32.p223-231	https://www.revistas.usp.br/paz/article/view/211172
10.11606/0031-1049.1978.32.p233-241	https://www.revistas.usp.br/paz/article/view/211173
10.11606/0031-1049.1978.32.p243-259	https://www.revistas.usp.br/paz/article/view/211174
10.11606/0031-1049.1978.32.p261-276	https://www.revistas.usp.br/paz/article/view/211176
10.11606/0031-1049.1978.32.p277-290	https://www.revistas.usp.br/paz/article/view/211177
10.11606/0031-1049.1979.33.p1-25	https://www.revistas.usp.br/paz/article/view/211180
10.11606/0031-1049.1979.33.p27-66	https://www.revistas.usp.br/paz/article/view/211181
10.11606/0031-1049.1979.33.p67-76	https://www.revistas.usp.br/paz/article/view/211182
10.11606/0031-1049.1979.33.p77-97	https://www.revistas.usp.br/paz/article/view/211183
10.11606/0031-1049.1979.33.p99-125	https://www.revistas.usp.br/paz/article/view/211184
10.11606/0031-1049.1979.33.p127-156	https://www.revistas.usp.br/paz/article/view/211185
10.11606/0031-1049.1979.33.p157-176	https://www.revistas.usp.br/paz/article/view/211186
10.11606/0031-1049.1979.33.p177-181	https://www.revistas.usp.br/paz/article/view/211187
10.11606/0031-1049.1979.33.p183-190	https://www.revistas.usp.br/paz/article/view/211188
10.11606/0031-1049.1979.33.p191-219	https://www.revistas.usp.br/paz/article/view/211189
10.11606/0031-1049.1979.33.p221-229	https://www.revistas.usp.br/paz/article/view/211191
10.11606/0031-1049.1979.33.p231-238	https://www.revistas.usp.br/paz/article/view/211192
10.11606/0031-1049.1979.33.p239-246	https://www.revistas.usp.br/paz/article/view/211193
10.11606/0031-1049.1979.33.p247-252	https://www.revistas.usp.br/paz/article/view/211195
10.11606/0031-1049.1979.33.p253-262	https://www.revistas.usp.br/paz/article/view/211196
10.11606/0031-1049.1979.33.p263-274	https://www.revistas.usp.br/paz/article/view/211197
10.11606/0031-1049.1979.33.p275-282	https://www.revistas.usp.br/paz/article/view/211207
10.11606/0031-1049.1979.33.p283-292	https://www.revistas.usp.br/paz/article/view/211208
10.11606/0031-1049.1979.33.p293-298	https://www.revistas.usp.br/paz/article/view/211210
10.11606/0031-1049.1979.33.p299-307	https://www.revistas.usp.br/paz/article/view/211211
10.11606/0031-1049.1979.33.p309-314	https://www.revistas.usp.br/paz/article/view/211212
10.11606/0031-1049.1979.33.p315-326	https://www.revistas.usp.br/paz/article/view/211213
10.11606/0031-1049.1979.33.p327-333	https://www.revistas.usp.br/paz/article/view/211215
10.11606/0031-1049.1979.33.p335-353	https://www.revistas.usp.br/paz/article/view/211216
10.11606/0031-1049.1979.33.p355-363	https://www.revistas.usp.br/paz/article/view/211217
10.11606/0031-1049.1980.34.p1-9	https://www.revistas.usp.br/paz/article/view/211219
10.11606/0031-1049.1980.34.p11-19	https://www.revistas.usp.br/paz/article/view/211223
10.11606/0031-1049.1980.34.p21-72	https://www.revistas.usp.br/paz/article/view/211224
10.11606/0031-1049.1980.34.p73-85	https://www.revistas.usp.br/paz/article/view/211225
10.11606/0031-1049.1980.34.p87-98	https://www.revistas.usp.br/paz/article/view/211226
10.11606/0031-1049.1980.34.p99-108	https://www.revistas.usp.br/paz/article/view/211228
10.11606/0031-1049.1980.34.p109-114	https://www.revistas.usp.br/paz/article/view/211229
10.11606/0031-1049.1980.34.p115-119	https://www.revistas.usp.br/paz/article/view/211230
10.11606/0031-1049.1980.34.p121-123	https://www.revistas.usp.br/paz/article/view/211231
10.11606/0031-1049.1980.34.p125-134	https://www.revistas.usp.br/paz/article/view/211232
10.11606/0031-1049.1980.34.p135-139	https://www.revistas.usp.br/paz/article/view/211233
10.11606/0031-1049.1980.34.p141-144	https://www.revistas.usp.br/paz/article/view/211234
10.11606/0031-1049.1980.34.p145-149	https://www.revistas.usp.br/paz/article/view/211235
10.11606/0031-1049.1980.34.p151-153	https://www.revistas.usp.br/paz/article/view/211236
10.11606/0031-1049.1980.34.p155-160	https://www.revistas.usp.br/paz/article/view/211238
10.11606/0031-1049.1980.34.p161-163	https://www.revistas.usp.br/paz/article/view/211239
10.11606/0031-1049.1980.34.p165-178	https://www.revistas.usp.br/paz/article/view/211241
10.11606/0031-1049.1980.34.p179-188	https://www.revistas.usp.br/paz/article/view/211242
10.11606/0031-1049.1980.34.p189-204	https://www.revistas.usp.br/paz/article/view/211243
10.11606/0031-1049.1980.34.p205-219	https://www.revistas.usp.br/paz/article/view/211245
10.11606/0031-1049.1980.34.p221-234	https://www.revistas.usp.br/paz/article/view/211246
10.11606/0031-1049.1980.34.p235-249	https://www.revistas.usp.br/paz/article/view/211248
10.11606/0031-1049.1980.34.p251-255	https://www.revistas.usp.br/paz/article/view/211249
10.11606/0031-1049.1980.34.p257-282	https://www.revistas.usp.br/paz/article/view/211250
10.11606/0031-1049.1980.34.p283-296	https://www.revistas.usp.br/paz/article/view/211251
10.11606/0031-1049.1980.34.p297-307	https://www.revistas.usp.br/paz/article/view/211253
10.11606/0031-1049.1980.34.p309-347	https://www.revistas.usp.br/paz/article/view/211254
10.11606/0031-1049.1980.34.p349-401	https://www.revistas.usp.br/paz/article/view/211255
10.11606/0031-1049.1980.34.p403-413	https://www.revistas.usp.br/paz/article/view/211256
10.11606/0031-1049.1983.35.p1-10	https://www.revistas.usp.br/paz/article/view/211262
10.11606/0031-1049.1983.35.p11-30	https://www.revistas.usp.br/paz/article/view/211264
10.11606/0031-1049.1983.35.p31-39	https://www.revistas.usp.br/paz/article/view/211266
10.11606/0031-1049.1983.35.p41-53	https://www.revistas.usp.br/paz/article/view/211267
	https://www.revistas.usp.br/paz/article/view/211268
10.11606/0031-1049.1983.35.p73-77	https://www.revistas.usp.br/paz/article/view/211269
10.11606/0031-1049.1983.35.p79-92	https://www.revistas.usp.br/paz/article/view/211270
10.11606/0031-1049.1983.35.p93-108	https://www.revistas.usp.br/paz/article/view/211271
10.11606/0031-1049.1983.35.p109-115	https://www.revistas.usp.br/paz/article/view/211272
10.11606/0031-1049.1983.35.p117-124	https://www.revistas.usp.br/paz/article/view/211273
10.11606/0031-1049.1983.35.p125-133	https://www.revistas.usp.br/paz/article/view/211415
10.11606/0031-1049.1983.35.p135-145	https://www.revistas.usp.br/paz/article/view/211416
10.11606/0031-1049.1983.35.p147-152	https://www.revistas.usp.br/paz/article/view/211417
10.11606/0031-1049.1983.35.p153-158	https://www.revistas.usp.br/paz/article/view/211418
10.11606/0031-1049.1983.35.p159-167	https://www.revistas.usp.br/paz/article/view/211419
10.11606/0031-1049.1983.35.p169-175	https://www.revistas.usp.br/paz/article/view/211420
10.11606/0031-1049.1983.35.p177-182	https://www.revistas.usp.br/paz/article/view/211422
10.11606/0031-1049.1983.35.p183-187	https://www.revistas.usp.br/paz/article/view/211424
10.11606/0031-1049.1983.35.p189-208	https://www.revistas.usp.br/paz/article/view/211425
10.11606/0031-1049.1983.35.p209-224	https://www.revistas.usp.br/paz/article/view/211426
10.11606/0031-1049.1983.35.p225-241	https://www.revistas.usp.br/paz/article/view/211427
10.11606/0031-1049.1983.35.p243-256	https://www.revistas.usp.br/paz/article/view/211428
10.11606/0031-1049.1983.35.p257-305	https://www.revistas.usp.br/paz/article/view/211429
10.11606/0031-1049.1983.35.p307-317	https://www.revistas.usp.br/paz/article/view/211437
10.11606/0031-1049.1983.35.p319-324	https://www.revistas.usp.br/paz/article/view/211438
10.11606/0031-1049.1983.35.p325-330	https://www.revistas.usp.br/paz/article/view/211439
10.11606/0031-1049.1983.35.p331-359	https://www.revistas.usp.br/paz/article/view/211440
10.11606/0031-1049.1983.35.p361-366	https://www.revistas.usp.br/paz/article/view/211441
10.11606/0031-1049.1983.35.p367-373	https://www.revistas.usp.br/paz/article/view/211442
10.11606/0031-1049.1983.36.p1-21	https://www.revistas.usp.br/paz/article/view/211444
10.11606/0031-1049.1983.36.p23-30	https://www.revistas.usp.br/paz/article/view/211447
10.11606/0031-1049.1983.36.p31-36	https://www.revistas.usp.br/paz/article/view/211449
10.11606/0031-1049.1983.36.p37-39	https://www.revistas.usp.br/paz/article/view/211450
10.11606/0031-1049.1983.36.p41-49	https://www.revistas.usp.br/paz/article/view/211451
10.11606/0031-1049.1983.36.p51-68	https://www.revistas.usp.br/paz/article/view/211457
10.11606/0031-1049.1983.36.p69-76	https://www.revistas.usp.br/paz/article/view/211458
10.11606/0031-1049.1983.36.p77-85	https://www.revistas.usp.br/paz/article/view/211459
10.11606/0031-1049.1983.36.p87-90	https://www.revistas.usp.br/paz/article/view/211462
10.11606/0031-1049.1983.36.p91-101	https://www.revistas.usp.br/paz/article/view/211463
10.11606/0031-1049.1983.36.p103-110	https://www.revistas.usp.br/paz/article/view/211464
10.11606/0031-1049.1983.36.p111-130	https://www.revistas.usp.br/paz/article/view/211465
10.11606/0031-1049.1983.36.p131-146	https://www.revistas.usp.br/paz/article/view/211466
10.11606/0031-1049.1983.36.p147-164	https://www.revistas.usp.br/paz/article/view/211467
10.11606/0031-1049.1983.36.p165-168	https://www.revistas.usp.br/paz/article/view/211468
10.11606/0031-1049.1983.36.p169-170	https://www.revistas.usp.br/paz/article/view/211469
10.11606/0031-1049.1983.36.p171-179	https://www.revistas.usp.br/paz/article/view/211470
10.11606/0031-1049.1983.36.p181-187	https://www.revistas.usp.br/paz/article/view/211471
10.11606/0031-1049.1983.36.p189-236	https://www.revistas.usp.br/paz/article/view/211472
10.11606/0031-1049.1983.36.p237-250	https://www.revistas.usp.br/paz/article/view/211473
10.11606/0031-1049.1983.36.p251-255	https://www.revistas.usp.br/paz/article/view/211474
10.11606/0031-1049.1983.36.p257-277	https://www.revistas.usp.br/paz/article/view/211475
10.11606/0031-1049.1983.36.p279-285	https://www.revistas.usp.br/paz/article/view/211476
10.11606/0031-1049.1983.36.p287-300	https://www.revistas.usp.br/paz/article/view/211477
10.11606/0031-1049.1983.36.p301-306	https://www.revistas.usp.br/paz/article/view/211479
10.11606/0031-1049.1983.36.p307-313	https://www.revistas.usp.br/paz/article/view/211480
10.11606/0031-1049.1983.36.p315-321	https://www.revistas.usp.br/paz/article/view/211481
10.11606/0031-1049.1983.36.p323-331	https://www.revistas.usp.br/paz/article/view/211482
10.11606/0031-1049.1983.36.p333-336	https://www.revistas.usp.br/paz/article/view/211483
10.11606/0031-1049.1983.36.p337-351	https://www.revistas.usp.br/paz/article/view/211484
10.11606/0031-1049.1990.37.p1-21	https://www.revistas.usp.br/paz/article/view/211513
10.11606/0031-1049.1990.37.p23-37	https://www.revistas.usp.br/paz/article/view/211514
10.11606/0031-1049.1990.37.p39-52	https://www.revistas.usp.br/paz/article/view/211515
10.11606/0031-1049.1990.37.p53-95	https://www.revistas.usp.br/paz/article/view/211516
10.11606/0031-1049.1990.37.p97-105	https://www.revistas.usp.br/paz/article/view/211518
10.11606/0031-1049.1990.37.p107-123	https://www.revistas.usp.br/paz/article/view/211519
10.11606/0031-1049.1990.37.p125-132	https://www.revistas.usp.br/paz/article/view/211520
10.11606/0031-1049.1990.37.p133-139	https://www.revistas.usp.br/paz/article/view/211522
10.11606/0031-1049.1990.37.p141-157	https://www.revistas.usp.br/paz/article/view/211523
10.11606/0031-1049.1990.37.p159-166	https://www.revistas.usp.br/paz/article/view/211524
10.11606/0031-1049.1990.37.p167-172	https://www.revistas.usp.br/paz/article/view/211525
10.11606/0031-1049.1990.37.p173-226	https://www.revistas.usp.br/paz/article/view/211526
10.11606/0031-1049.1990.37.p227-235	https://www.revistas.usp.br/paz/article/view/211528
10.11606/0031-1049.1990.37.p237-243	https://www.revistas.usp.br/paz/article/view/211530
10.11606/0031-1049.1990.37.p245-250	https://www.revistas.usp.br/paz/article/view/211531
10.11606/0031-1049.1990.37.p251-258	https://www.revistas.usp.br/paz/article/view/211532
10.11606/0031-1049.1990.37.p259-276	https://www.revistas.usp.br/paz/article/view/211534
10.11606/0031-1049.1990.37.p277-283	https://www.revistas.usp.br/paz/article/view/211535
10.11606/0031-1049.1990.37.p285-320	https://www.revistas.usp.br/paz/article/view/211536
10.11606/0031-1049.1990.37.p321-327	https://www.revistas.usp.br/paz/article/view/211537
10.11606/0031-1049.1990.37.p329-342	https://www.revistas.usp.br/paz/article/view/211538
10.11606/0031-1049.1990.37.p343-346	https://www.revistas.usp.br/paz/article/view/211540
10.11606/0031-1049.1990.37.p347-361	https://www.revistas.usp.br/paz/article/view/211541
10.11606/0031-1049.1990.37.p363-377	https://www.revistas.usp.br/paz/article/view/211544
10.11606/0031-1049.1990.37.p379-388	https://www.revistas.usp.br/paz/article/view/211545
10.11606/0031-1049.1990.37.p389-400	https://www.revistas.usp.br/paz/article/view/211546
10.11606/0031-1049.1990.37.p401-412	https://www.revistas.usp.br/paz/article/view/211547
10.11606/0031-1049.1992.38.p1-8	https://www.revistas.usp.br/paz/article/view/211548
10.11606/0031-1049.1992.38.p9-15	https://www.revistas.usp.br/paz/article/view/211549
10.11606/0031-1049.1992.38.p17-60	https://www.revistas.usp.br/paz/article/view/211550
10.11606/0031-1049.1992.38.p61-75	https://www.revistas.usp.br/paz/article/view/211551
10.11606/0031-1049.1992.38.p77-89	https://www.revistas.usp.br/paz/article/view/211552
10.11606/0031-1049.1992.38.p91-93	https://www.revistas.usp.br/paz/article/view/211553
10.11606/0031-1049.1992.38.p95-105	https://www.revistas.usp.br/paz/article/view/211554
10.11606/0031-1049.1992.38.p107-154	https://www.revistas.usp.br/paz/article/view/211556
10.11606/0031-1049.1992.38.p155-169	https://www.revistas.usp.br/paz/article/view/211557
10.11606/0031-1049.1992.38.p171-186	https://www.revistas.usp.br/paz/article/view/211558
10.11606/0031-1049.1992.38.p187-198	https://www.revistas.usp.br/paz/article/view/211559
10.11606/0031-1049.1994.39.p1-11	https://www.revistas.usp.br/paz/article/view/211562
10.11606/0031-1049.1994.39.p13-27	https://www.revistas.usp.br/paz/article/view/211563
10.11606/0031-1049.1994.39.p29-32	https://www.revistas.usp.br/paz/article/view/211564
10.11606/0031-1049.1994.39.p33-48	https://www.revistas.usp.br/paz/article/view/211566
10.11606/0031-1049.1994.39.p49-60	https://www.revistas.usp.br/paz/article/view/211590
10.11606/0031-1049.1994.39.p61-173	https://www.revistas.usp.br/paz/article/view/211591
10.11606/0031-1049.1994.39.p175-199	https://www.revistas.usp.br/paz/article/view/211592
10.11606/0031-1049.1994.39.p201-207	https://www.revistas.usp.br/paz/article/view/211593
10.11606/0031-1049.1994.39.p209-216	https://www.revistas.usp.br/paz/article/view/211594
10.11606/0031-1049.1994.39.p217-221	https://www.revistas.usp.br/paz/article/view/211595
10.11606/0031-1049.1994.39.p223-230	https://www.revistas.usp.br/paz/article/view/211598
10.11606/0031-1049.1994.39.p231-248	https://www.revistas.usp.br/paz/article/view/211599
10.11606/0031-1049.1994.39.p249-270	https://www.revistas.usp.br/paz/article/view/211600
10.11606/0031-1049.1994.39.p271-280	https://www.revistas.usp.br/paz/article/view/211601
10.11606/0031-1049.1994.39.p281-291	https://www.revistas.usp.br/paz/article/view/211602
10.11606/0031-1049.1994.39.p293-305	https://www.revistas.usp.br/paz/article/view/211603
10.11606/0031-1049.1994.39.p307-328	https://www.revistas.usp.br/paz/article/view/211604
10.11606/0031-1049.1994.39.p329-349	https://www.revistas.usp.br/paz/article/view/211605
10.11606/0031-1049.1994.39.p351-364	https://www.revistas.usp.br/paz/article/view/211606
10.11606/0031-1049.1994.39.p365-377	https://www.revistas.usp.br/paz/article/view/211607
10.11606/0031-1049.1994.39.p379-403	https://www.revistas.usp.br/paz/article/view/211608
10.11606/0031-1049.1994.39.p405-441	https://www.revistas.usp.br/paz/article/view/211609
10.11606/0031-1049.1994.39.p443-507	https://www.revistas.usp.br/paz/article/view/211612
10.11606/0031-1049.1994.39.p509-556	https://www.revistas.usp.br/paz/article/view/211614
10.11606/0031-1049.1997.40.p1-15	https://www.revistas.usp.br/paz/article/view/211620
10.11606/0031-1049.1997.40.p17-63	https://www.revistas.usp.br/paz/article/view/211621
10.11606/0031-1049.1997.40.p65-85	https://www.revistas.usp.br/paz/article/view/211622
10.11606/0031-1049.1997.40.p87-103	https://www.revistas.usp.br/paz/article/view/211623
10.11606/0031-1049.1997.40.p105-112	https://www.revistas.usp.br/paz/article/view/211624
10.11606/0031-1049.1997.40.p113-126	https://www.revistas.usp.br/paz/article/view/211625
10.11606/0031-1049.1997.40.p127-136	https://www.revistas.usp.br/paz/article/view/211626
10.11606/0031-1049.1997.40.p137-146	https://www.revistas.usp.br/paz/article/view/211627
10.11606/0031-1049.1997.40.p147-159	https://www.revistas.usp.br/paz/article/view/211628
10.11606/0031-1049.1997.40.p161-174	https://www.revistas.usp.br/paz/article/view/211629
10.11606/0031-1049.1997.40.p175-188	https://www.revistas.usp.br/paz/article/view/211634
10.11606/0031-1049.1997.40.p189-202	https://www.revistas.usp.br/paz/article/view/211635
10.11606/0031-1049.1997.40.p203-215	https://www.revistas.usp.br/paz/article/view/211637
10.11606/0031-1049.1997.40.p217-229	https://www.revistas.usp.br/paz/article/view/211648
10.11606/0031-1049.1997.40.p231-255	https://www.revistas.usp.br/paz/article/view/211649
10.11606/0031-1049.1997.40.p257-265	https://www.revistas.usp.br/paz/article/view/211650
10.11606/0031-1049.1997.40.p267-287	https://www.revistas.usp.br/paz/article/view/211651
10.11606/0031-1049.1997.40.p289-296	https://www.revistas.usp.br/paz/article/view/211652
10.11606/0031-1049.1997.40.p297-309	https://www.revistas.usp.br/paz/article/view/211653
10.11606/0031-1049.1997.40.p311-322	https://www.revistas.usp.br/paz/article/view/211655
10.11606/0031-1049.1997.40.p323-335	https://www.revistas.usp.br/paz/article/view/211656
10.11606/0031-1049.1997.40.p337-357	https://www.revistas.usp.br/paz/article/view/211658
10.11606/0031-1049.1997.40.p359-367	https://www.revistas.usp.br/paz/article/view/211660
10.11606/0031-1049.1997.40.p369-386	https://www.revistas.usp.br/paz/article/view/211665
10.11606/0031-1049.1997.40.p387-448	https://www.revistas.usp.br/paz/article/view/211666
10.11606/0031-1049.1999.41.p1-37	https://www.revistas.usp.br/paz/article/view/211667
10.11606/0031-1049.1999.41.p39-48	https://www.revistas.usp.br/paz/article/view/211668
10.11606/0031-1049.1999.41.p49-57	https://www.revistas.usp.br/paz/article/view/211669
10.11606/0031-1049.1999.41.p59-65	https://www.revistas.usp.br/paz/article/view/211818
10.11606/0031-1049.1999.41.p67-81	https://www.revistas.usp.br/paz/article/view/211821
10.11606/0031-1049.1999.41.p105-118	https://www.revistas.usp.br/paz/article/view/211826
10.11606/0031-1049.2000.41.p135-154	https://www.revistas.usp.br/paz/article/view/211827
10.11606/0031-1049.2000.41.p155-172	https://www.revistas.usp.br/paz/article/view/211828
10.11606/0031-1049.2000.41.p173-185	https://www.revistas.usp.br/paz/article/view/211829
10.11606/0031-1049.2000.41.p187-196	https://www.revistas.usp.br/paz/article/view/211831
10.11606/0031-1049.2000.41.p197-211	https://www.revistas.usp.br/paz/article/view/211833
10.11606/0031-1049.2000.41.p213-221	https://www.revistas.usp.br/paz/article/view/211836
10.11606/0031-1049.2000.41.p223-241	https://www.revistas.usp.br/paz/article/view/211838
10.11606/0031-1049.2000.41.p243-246	https://www.revistas.usp.br/paz/article/view/211839
10.11606/0031-1049.2000.41.p247-257	https://www.revistas.usp.br/paz/article/view/211840
10.11606/0031-1049.2000.41.p259-287	https://www.revistas.usp.br/paz/article/view/211841
10.11606/0031-1049.2000.41.p289-301	https://www.revistas.usp.br/paz/article/view/211856
10.11606/0031-1049.2000.41.p303-311	https://www.revistas.usp.br/paz/article/view/211857
10.11606/0031-1049.2000.41.p313-328	https://www.revistas.usp.br/paz/article/view/211858
10.11606/0031-1049.2001.41.p329-405	https://www.revistas.usp.br/paz/article/view/211859
10.11606/0031-1049.2001.41.p407-425	https://www.revistas.usp.br/paz/article/view/211860
10.11606/0031-1049.2001.41.p427-463	https://www.revistas.usp.br/paz/article/view/211861
10.11606/0031-1049.2001.41.p465-488	https://www.revistas.usp.br/paz/article/view/211862
10.11606/0031-1049.2001.41.p489-518	https://www.revistas.usp.br/paz/article/view/211868
10.11606/0031-1049.2001.41.p529-546	https://www.revistas.usp.br/paz/article/view/211869
10.11606/0031-1049.2000.41.p119-133	https://www.revistas.usp.br/paz/article/view/213045
10.11606/0031-1049.2001.41.p519-527	https://www.revistas.usp.br/paz/article/view/213047
10.11606/0031-1049.1999.41.p83-104	https://www.revistas.usp.br/paz/article/view/213088
10.11606/0031-1049.2002.42.p1-12	https://www.revistas.usp.br/paz/article/view/211874
10.11606/0031-1049.2002.42.p13-30	https://www.revistas.usp.br/paz/article/view/211888
10.11606/0031-1049.2002.42.p31-46	https://www.revistas.usp.br/paz/article/view/211889
10.11606/0031-1049.2002.42.p47-101	https://www.revistas.usp.br/paz/article/view/211894
10.11606/0031-1049.2002.42.p103-117	https://www.revistas.usp.br/paz/article/view/211895
10.11606/0031-1049.2002.42.p119-167	https://www.revistas.usp.br/paz/article/view/211896
10.11606/0031-1049.2002.42.p169-181	https://www.revistas.usp.br/paz/article/view/211897
10.11606/0031-1049.2002.42.p183-192	https://www.revistas.usp.br/paz/article/view/211898
10.11606/0031-1049.2002.42.p193-264	https://www.revistas.usp.br/paz/article/view/211899
10.11606/0031-1049.2002.42.p265-286	https://www.revistas.usp.br/paz/article/view/211902
10.11606/0031-1049.2002.42.p287-297	https://www.revistas.usp.br/paz/article/view/211903
10.11606/0031-1049.2002.42.p299-323	https://www.revistas.usp.br/paz/article/view/211904
10.11606/0031-1049.2002.42.p325-333	https://www.revistas.usp.br/paz/article/view/211905
10.11606/0031-1049.2002.42.p335-350	https://www.revistas.usp.br/paz/article/view/211906
10.11606/0031-1049.2002.42.p351-362	https://www.revistas.usp.br/paz/article/view/211909
10.11606/0031-1049.2002.42.p363-380	https://www.revistas.usp.br/paz/article/view/211910
10.1590/0031-1049.2016.56.10	https://www.revistas.usp.br/paz/article/view/122245
10.1590/0031-1049.2016.56.11	https://www.revistas.usp.br/paz/article/view/122246
10.1590/0031-1049.2016.56.12	https://www.revistas.usp.br/paz/article/view/122251
10.1590/0031-1049.2016.56.13	https://www.revistas.usp.br/paz/article/view/122252
10.1590/0031-1049.2016.56.16	https://www.revistas.usp.br/paz/article/view/123104
10.1590/10.11606/0031-1049.2016.56.17	https://www.revistas.usp.br/paz/article/view/123105
10.11606/1807-0205/2018.58.50	https://www.revistas.usp.br/paz/article/view/141812
10.11606/1807-0205/2018.58.54	https://www.revistas.usp.br/paz/article/view/150294